custom_id,name,frequency,photo_check,website,twitter,instagram,country,origin,aka,Unnamed_10,Pareto,Global,Region,Income,twitterhandle,Unnamed_16,link_parafoto,downloaded,online,filename,hasImage
1,Alberto Cairo,86.0,yes,http://albertocairo.com,https://twitter.com/AlbertoCairo,,Spain,eur,,86,4.89%,Global North,Europe,HIGH-INCOME ECONOMIES,AlbertoCairo,https://unavatar.io/,https://unavatar.io/AlbertoCairo,yes,yes,AlbertoCairo.png,1
2,Nadieh Bremer,78.0,yes,https://www.visualcinnamon.com,https://twitter.com/NadiehBremer,https://www.instagram.com/nadiehbremer/?hl=en,Netherlands,eur,Visual Cinnamon,164,9.32%,Global North,Europe,HIGH-INCOME ECONOMIES,NadiehBremer,https://unavatar.io/,https://unavatar.io/NadiehBremer,yes,yes,NadiehBremer.png,1
3,Tableau DataFam Community,68.0,yes,http://tableaudatafam.com,https://twitter.com/DatafamNetwork,,United States of America,na,,232,13.18%,,Northern America,,DatafamNetwork,https://unavatar.io/,https://unavatar.io/DatafamNetwork,yes,yes,TableauDataFamCommunity.png,1
4,Stephanie Evergreen,59.0,yes,https://stephanieevergreen.com,https://twitter.com/evergreendata,https://www.instagram.com/evergreendata/?hl=en,United States of America,na,,291,16.53%,,Northern America,,evergreendata,https://unavatar.io/,https://unavatar.io/evergreendata,yes,yes,StephanieEvergreen.png,1
5,Cole Nussbaumer Knaflic,58.0,yes,https://www.storytellingwithdata.com,https://twitter.com/storywithdata,,United States of America,na,,349,19.83%,,Northern America,,storywithdata,https://unavatar.io/,https://unavatar.io/storywithdata,yes,yes,ColeNussbaumerKnaflic.png,1
6,Shirley Wu,51.0,yes,https://shirleywu.studio,https://twitter.com/sxywu,https://www.instagram.com/sxywu/?hl=en,United States of America,na,,400,22.73%,,Northern America,,sxywu,https://unavatar.io/,https://unavatar.io/sxywu,yes,yes,ShirleyWu.png,1
7,Edward Tufte,49.0,yes,https://www.edwardtufte.com/tufte/,https://twitter.com/EdwardTufte,,United States of America,na,,449,25.51%,,Northern America,,EdwardTufte,https://unavatar.io/,https://unavatar.io/EdwardTufte,yes,yes,EdwardTufte.png,1
8,Giorgia Lupi,48.0,yes,http://giorgialupi.com,https://twitter.com/giorgialupi,https://www.instagram.com/giorgialupi/?hl=en,Italy,eur,,497,28.24%,Global North,Europe,HIGH-INCOME ECONOMIES,giorgialupi,https://unavatar.io/,https://unavatar.io/giorgialupi,yes,yes,GiorgiaLupi.png,1
9,The New York Times,43.0,yes,https://www.nytimes.com,https://twitter.com/nytimes,https://www.instagram.com/nytimes/channel/?hl=en,United States of America,na,,540,30.68%,,Northern America,,nytimes,https://unavatar.io/,https://unavatar.io/nytimes,yes,yes,TheNewYorkTimes.png,1
,Data Visualization Society,41.0,yes,https://www.datavisualizationsociety.org,https://twitter.com/DataVizSociety,,Global,,Nightingale Journal,581,33.01%,,,,DataVizSociety,https://unavatar.io/,https://unavatar.io/DataVizSociety,yes,yes,DataVisualizationSociety.png,1
10,Nathan Yau,41.0,yes,https://flowingdata.com,https://twitter.com/flowingdata,,United States of America,na,,622,35.34%,,Northern America,,flowingdata,https://unavatar.io/,https://unavatar.io/flowingdata,yes,yes,NathanYau.png,1
12,Steve Wexler,35.0,yes,https://www.datarevelations.com,https://twitter.com/DataRevelations,,United States of America,na,,657,37.33%,,Northern America,,DataRevelations,https://unavatar.io/,https://unavatar.io/DataRevelations,yes,yes,SteveWexler.png,1
13,Andy Kirk,33.0,yes,https://www.visualisingdata.com/about/,https://twitter.com/visualisingdata,,United Kingdom,eur,,690,39.20%,Global North,Europe,HIGH-INCOME ECONOMIES,visualisingdata,https://unavatar.io/,https://unavatar.io/visualisingdata,yes,yes,AndyKirk.png,1
14,Federica Fragapane,32.0,yes,https://www.behance.net/FedericaFragapane,https://twitter.com/fedfragapane,https://www.instagram.com/federicafragapane/,Italy,eur,,722,41.02%,Global North,Europe,HIGH-INCOME ECONOMIES,fedfragapane,https://unavatar.io/,https://unavatar.io/fedfragapane,yes,yes,FedericaFragapane.png,1
15,The Pudding,24.0,yes,https://pudding.cool,https://twitter.com/puddingviz,https://www.instagram.com/the.pudding/,United States of America,na,,746,42.39%,,Northern America,,puddingviz,https://unavatar.io/,https://unavatar.io/puddingviz,yes,yes,ThePudding.png,1
16,Moritz Stefaner,22.0,yes,https://truth-and-beauty.net,https://twitter.com/moritz_stefaner,https://www.instagram.com/moritz_stefaner/?hl=en,Germany,eur,,768,43.64%,Global North,Europe,HIGH-INCOME ECONOMIES,moritz_stefaner,https://unavatar.io/,https://unavatar.io/moritz_stefaner,yes,yes,MoritzStefaner.png,1
17,Storytelling With Data,22.0,yes,https://www.storytellingwithdata.com,https://twitter.com/storywithdata,,United States of America,na,,790,44.89%,,Northern America,,storywithdata,https://unavatar.io/,https://unavatar.io/storywithdata,yes,yes,StorytellingWithData.png,1
32,Lisa Charlotte Muth,21.0,yes,https://lisacharlottemuth.com,https://twitter.com/lisacmuth,,Germany,eur,Lisa Charlotte Rost,811,46.08%,Global North,Europe,HIGH-INCOME ECONOMIES,lisacmuth,https://unavatar.io/,https://unavatar.io/lisacmuth,yes,yes,LisaCharlotteMuth.png,1
18,Mike Bostock,21.0,yes,https://bost.ocks.org/mike/,https://twitter.com/mbostock,,United States of America,na,,832,47.27%,,Northern America,,mbostock,https://unavatar.io/,https://unavatar.io/mbostock,yes,yes,MikeBostock.png,1
20,Cédric Scherer,20.0,yes,https://www.cedricscherer.com,https://twitter.com/CedScherer,,Germany,eur,,852,48.41%,Global North,Europe,HIGH-INCOME ECONOMIES,CedScherer,https://unavatar.io/,https://unavatar.io/CedScherer,yes,yes,CedricScherer.png,1
19,Ann K. Emery,20.0,yes,https://depictdatastudio.com,https://twitter.com/AnnKEmery,https://www.instagram.com/annkemery/?hl=en,United States of America,na,,872,49.55%,,Northern America,,AnnKEmery,https://unavatar.io/,https://unavatar.io/AnnKEmery,yes,yes,AnnKEmery.png,1
21,David McCandless,19.0,yes,https://informationisbeautiful.net,https://twitter.com/mccandelish,https://www.instagram.com/infobeautiful/,United Kingdom,eur,,891,50.63%,Global North,Europe,HIGH-INCOME ECONOMIES,mccandelish,https://unavatar.io/,https://unavatar.io/mccandelish,yes,yes,DavidMcCandless.png,1
24,Jonathan Schwabish,19.0,yes,https://policyviz.com/about/,https://twitter.com/jschwabish,https://www.instagram.com/jschwabish/?hl=en,United States of America,na,,910,51.70%,,Northern America,,jschwabish,https://unavatar.io/,https://unavatar.io/jschwabish,yes,yes,JonathanSchwabish.png,1
23,Amelia Wattenberger,18.0,yes,https://wattenberger.com,https://twitter.com/Wattenberger,,United States of America,na,,928,52.73%,,Northern America,,Wattenberger,https://unavatar.io/,https://unavatar.io/Wattenberger,yes,yes,AmeliaWattenberger.png,1
22,Alli Torban,18.0,yes,https://www.allitorban.com/,https://twitter.com/AlliTorban,https://www.instagram.com/torbandesignstudio/,United States of America,na,,946,53.75%,,Northern America,,AlliTorban,https://unavatar.io/,https://unavatar.io/AlliTorban,yes,yes,AlliTorban.png,1
25,The Flerlage Twins,18.0,yes,https://www.flerlagetwins.com,,,United States of America,na,,964,54.77%,,Northern America,,,https://unavatar.io/,https://unavatar.io/,yes,yes,TheFlerlageTwins.png,1
26,Mona Chalabi,17.0,yes,https://monachalabi.com,https://twitter.com/MonaChalabi,https://www.instagram.com/monachalabi/?hl=en,United Kingdom,eur,,981,55.74%,Global North,Europe,HIGH-INCOME ECONOMIES,MonaChalabi,https://unavatar.io/,https://unavatar.io/MonaChalabi,yes,yes,MonaChalabi.png,1
27,Stephen Few,17.0,yes,https://www.stephen-few.com,,,United States of America,na,,998,56.70%,,Northern America,,,https://unavatar.io/,https://unavatar.io/,yes,yes,StephenFew.png,1
29,The Economist,14.0,yes,https://www.economist.com,https://twitter.com/TheEconomist,,United Kingdom,eur,,1012,57.50%,Global North,Europe,HIGH-INCOME ECONOMIES,TheEconomist,https://unavatar.io/,https://unavatar.io/TheEconomist,yes,yes,TheEconomist.png,1
28,Stefanie Posavec,14.0,yes,http://www.stefanieposavec.com,https://twitter.com/stefpos,https://www.instagram.com/stefpos/?hl=en,United States of America,na,,1026,58.30%,,Northern America,,stefpos,https://unavatar.io/,https://unavatar.io/stefpos,yes,yes,StefaniePosavec.png,1
30,Andy Cotgreave,13.0,yes,https://gravyanecdote.com,https://twitter.com/acotgreave,,United Kingdom,eur,,1039,59.03%,Global North,Europe,HIGH-INCOME ECONOMIES,acotgreave,https://unavatar.io/,https://unavatar.io/acotgreave,yes,yes,AndyCotgreave.png,1
31,Andy Kriebel,13.0,yes,https://www.vizwiz.com,https://twitter.com/VizWizBI?s=20,,United Kingdom,eur,,1052,59.77%,Global North,Europe,HIGH-INCOME ECONOMIES,VizWizBI,https://unavatar.io/,https://unavatar.io/VizWizBI,yes,yes,AndyKriebel.png,1
33,R. J. Andrews,12.0,yes,https://infowetrust.com/about,https://twitter.com/infowetrust?s=20,,United States of America,na,,1064,60.45%,,Northern America,,infowetrust,https://unavatar.io/,https://unavatar.io/infowetrust,yes,yes,RJAndrews.png,1
37,Valentina D'Efilippo,10.0,yes,http://www.valentinadefilippo.co.uk,https://twitter.com/defilippovale?s=20,https://www.instagram.com/defilippovale/?hl=en,United Kingdom,eur,,1074,61.02%,Global North,Europe,HIGH-INCOME ECONOMIES,defilippovale,https://unavatar.io/,https://unavatar.io/defilippovale,yes,yes,ValentinaDEfilippo.png,1
34,FiveThirtyEight,10.0,yes,https://fivethirtyeight.com,https://twitter.com/FiveThirtyEight?s=20,,United States of America,na,,1084,61.59%,,Northern America,,FiveThirtyEight,https://unavatar.io/,https://unavatar.io/FiveThirtyEight,yes,yes,FiveThirtyEight.png,1
35,Gabrielle Merite,10.0,yes,https://www.gabriellemerite.com,https://twitter.com/Data_Soul?s=20,https://www.instagram.com/gab.md/?hl=en,United States of America,na,,1094,62.16%,,Northern America,,Data_Soul,https://unavatar.io/,https://unavatar.io/Data_Soul,yes,yes,GabrielleMerite.png,1
36,The Washington Post,10.0,yes,https://www.washingtonpost.com,https://twitter.com/washingtonpost?s=20,,United States of America,na,,1104,62.73%,,Northern America,,washingtonpost,https://unavatar.io/,https://unavatar.io/washingtonpost,yes,yes,TheWashingtonPost.png,1
39,Datawrapper,9.0,yes,https://www.datawrapper.de,https://twitter.com/Datawrapper?s=20,,Germany,eur,,1113,63.24%,Global North,Europe,HIGH-INCOME ECONOMIES,Datawrapper,https://unavatar.io/,https://unavatar.io/Datawrapper,yes,,Datawrapper.png,1
38,Amanda Makulec,9.0,yes,https://medium.com/@abmakulec,https://twitter.com/abmakulec?s=20,,United States of America,na,,1122,63.75%,,Northern America,,abmakulec,https://unavatar.io/,https://unavatar.io/abmakulec,yes,,AmandaMakulec.png,1
41,John Burn-Murdoch,8.0,yes,https://www.ft.com/john-burn-murdoch,https://twitter.com/jburnmurdoch?ref_src=twsrc%5Egoogle%7Ctwcamp%5Eserp%7Ctwgr%5Eauthor,,United Kingdom,eur,,1130,64.20%,Global North,Europe,HIGH-INCOME ECONOMIES,jburnmurdoch,https://unavatar.io/,https://unavatar.io/jburnmurdoch,yes,,JohnBurnMurdoch.png,1
42,Makeover Monday,8.0,yes,https://www.makeovermonday.co.uk,,,United Kingdom,eur,,1138,64.66%,Global North,Europe,HIGH-INCOME ECONOMIES,makeover_monday,https://unavatar.io/,https://unavatar.io/makeover_monday,yes,,MakeoverMonday.png,1
43,Nature Magazine,8.0,yes,https://www.nature.com,,,United Kingdom,eur,,1146,65.11%,Global North,Europe,HIGH-INCOME ECONOMIES,,https://unavatar.io/,,,,NatureMagazine.png,1
40,Amy Cesal,8.0,yes,https://www.amycesal.com/resume,https://twitter.com/AmyCesal?ref_src=twsrc%5Egoogle%7Ctwcamp%5Eserp%7Ctwgr%5Eauthor,,United States of America,na,,1154,65.57%,,Northern America,,AmyCesal,https://unavatar.io/,https://unavatar.io/AmyCesal,yes,,AmyCesal.png,1
44,Tamara Munzner,8.0,yes,https://www.cs.ubc.ca/~tmm/,https://twitter.com/tamaramunzner,,United States of America,na,,1162,66.02%,,Northern America,,tamaramunzner,https://unavatar.io/,,yes,,TamaraMunzner.png,1
45,Elijah Meeks,7.0,yes,http://elijahmeeks.com,https://twitter.com/elijah_meeks,https://www.instagram.com/viz_by_elijah/?hl=en,United States of America,na,,1169,66.42%,,Northern America,,elijah_meeks,https://unavatar.io/,,yes,,ElijahMeeks.png,1
46,Jeffrey Shaffer,7.0,yes,https://www.dataplusscience.com,https://twitter.com/highvizability,,United States of America,na,,1176,66.82%,,Northern America,,highvizability,https://unavatar.io/,,yes,,JeffreyShaffer.png,1
50,Maarten Lambrechts,6.0,yes,https://www.maartenlambrechts.com,https://twitter.com/maartenzam?lang=en,,Belgium,eur,,1182,67.16%,Global North,Europe,HIGH-INCOME ECONOMIES,maartenzam,https://unavatar.io/,,yes,,MaartenLambrechts.png,1
48,Hans Rosling,6.0,yes,https://www.gapminder.org,,,Sweden,eur,,1188,67.50%,Global North,Europe,HIGH-INCOME ECONOMIES,,https://unavatar.io/,,yes,,HansRosling.png,1
47,Ben Jones,6.0,yes,https://dataliteracy.com/about-us/ben-jones-2/,https://twitter.com/dataremixed,,United States of America,na,,1194,67.84%,,Northern America,,dataremixed,https://unavatar.io/,https://unavatar.io/dataremixed,yes,,BenJones.png,1
51,National Geographic,6.0,yes,https://www.nationalgeographic.com,https://twitter.com/NatGeo?ref_src=twsrc%5Egoogle%7Ctwcamp%5Eserp%7Ctwgr%5Eauthor,,United States of America,na,,1200,68.18%,,Northern America,,NatGeo,https://unavatar.io/,,yes,,NationalGeographic.png,1
52,Tidy Tuesday,6.0,yes,https://www.tidytuesday.com,https://twitter.com/tidypod,,United States of America,na,,1206,68.52%,,Northern America,,tidypod,https://unavatar.io/,,yes,,TidyTuesday.png,1
53,Will Chase,6.0,yes,https://www.williamrchase.com,https://twitter.com/w_r_chase,,United States of America,na,,1212,68.86%,,Northern America,,w_r_chase,https://unavatar.io/,,yes,,WillChase.png,1
49,Jessica Hullman,6.0,yes,http://users.eecs.northwestern.edu/~jhullman/,https://twitter.com/JessicaHullman?ref_src=twsrc%5Egoogle%7Ctwcamp%5Eserp%7Ctwgr%5Eauthor,,United States of America,na,,1218,69.20%,,Northern America,,JessicaHullman,https://unavatar.io/,https://unavatar.io/JessicaHullman,yes,,JessicaHullman.png,1
58,Jane Zhang,5.0,yes,https://janezhang.ca,https://twitter.com/janezhgw,,Canada,na,,1223,69.49%,Global North,Northern America,HIGH-INCOME ECONOMIES,janezhgw,https://unavatar.io/,https://unavatar.io/janezhgw,yes,,JaneZhang.png,1
63,Thomas Lin Pedersen,5.0,yes,https://www.data-imaginist.com/art,https://twitter.com/thomasp85?ref_src=twsrc%5Egoogle%7Ctwcamp%5Eserp%7Ctwgr%5Eauthor,,Denmark,eur,,1228,69.77%,Global North,Europe,HIGH-INCOME ECONOMIES,thomasp85,https://unavatar.io/,https://unavatar.io/thomasp85,yes,,ThomasLinPedersen.png,1
55,Gurman Bhatia,5.0,yes,https://www.gurmanbhatia.comm,https://twitter.com/GurmanBhatia?ref_src=twsrc%5Egoogle%7Ctwcamp%5Eserp%7Ctwgr%5Eauthor,,India,as,,1233,70.06%,Global South,Asia,LOWER-MIDDLE INCOME ECONOMIES,GurmanBhatia,https://unavatar.io/,,yes,,GurmanBhatia.png,1
57,Hadley Wickham,5.0,yes,https://hadley.nz,https://twitter.com/hadleywickham?ref_src=twsrc%5Egoogle%7Ctwcamp%5Eserp%7Ctwgr%5Eauthor,,New Zealand,oc,,1238,70.34%,Global North,Oceania,HIGH-INCOME ECONOMIES,hadleywickham,https://unavatar.io/,https://unavatar.io/hadleywickham,yes,,HadleyWickham.png,1
54,Catherine D'Ignazio,5.0,yes,http://www.kanarinka.com,https://twitter.com/kanarinka?ref_src=twsrc%5Egoogle%7Ctwcamp%5Eserp%7Ctwgr%5Eauthor,,United States of America,na,,1243,70.63%,,Northern America,,kanarinka,https://unavatar.io/,,yes,,CatherineDIgnazio.png,0
56,Guy in a Cube,5.0,yes,https://guyinacube.com,https://twitter.com/guyinacube,,United States of America,na,,1248,70.91%,,Northern America,,guyinacube,https://unavatar.io/,,yes,,GuyinaCube.png,1
60,Ryan Sleeper,5.0,yes,https://playfairdata.com,https://twitter.com/ryanvizzes?lang=en,,United States of America,na,,1253,71.19%,,Northern America,,ryanvizzes,https://unavatar.io/,,yes,,RyanSleeper.png,1
59,Kevin Flerlage,5.0,yes,https://www.flerlagetwins.com,https://twitter.com/flerlagekev,,United States of America,na,,1258,71.48%,,Northern America,,flerlagekev,https://unavatar.io/,https://unavatar.io/flerlagekev,yes,,KevinFlerlage.png,1
61,Susie Lu,5.0,yes,https://www.susielu.com,https://twitter.com/datatoviz?lang=en,,United States of America,na,,1263,71.76%,,Northern America,,datatoviz,https://unavatar.io/,,yes,,SusieLu.png,1
62,The Wall Street Journal,5.0,yes,https://www.wsj.com,https://twitter.com/WSJ?ref_src=twsrc%5Egoogle%7Ctwcamp%5Eserp%7Ctwgr%5Eauthor,,United States of America,na,,1268,72.05%,,Northern America,,WSJ,https://unavatar.io/,https://unavatar.io/WSJ,yes,,TheWallStreetJournal.png,1
69,Danielle Navarro,4.0,yes,https://djnavarro.net,https://twitter.com/djnavarro?ref_src=twsrc%5Egoogle%7Ctwcamp%5Eserp%7Ctwgr%5Eauthor,,Australia,oc,,1272,72.27%,Global North,Oceania,HIGH-INCOME ECONOMIES,djnavarro,https://unavatar.io/,,yes,,DanielleNavarro.png,1
71,Fernanda Viegas,4.0,yes,http://www.fernandaviegas.com,https://twitter.com/viegasf?lang=en,,Brazil,la,,1276,72.50%,Global South,Latin America and the Caribbean,UPPER-MIDDLE-INCOME ECONOMIES,viegasf,https://unavatar.io/,,yes,,FernandaViegas.png,1
68,Claus O. Wilke,4.0,yes,https://clauswilke.com,https://twitter.com/clauswilke,,Germany,eur,,1280,72.73%,Global North,Europe,HIGH-INCOME ECONOMIES,clauswilke,https://unavatar.io/,https://unavatar.io/clauswilke,yes,,ClausOWilke.png,1
74,Judit Bekker,4.0,yes,https://juditbekker.com,https://twitter.com/juditbekker,,Hungary,eur,,1284,72.95%,Global North,Europe,HIGH-INCOME ECONOMIES,juditbekker,https://unavatar.io/,https://unavatar.io/juditbekker,yes,,JuditBekker.png,1
64,Accurat Studio,4.0,yes,https://accurat.it,https://twitter.com/accuratstudio,,Italy,eur,,1288,73.18%,Global North,Europe,HIGH-INCOME ECONOMIES,accuratstudio,https://unavatar.io/,https://unavatar.io/accuratstudio,yes,,AccuratStudio.png,1
78,Manuel Lima,4.0,yes,https://www.mslima.com,https://twitter.com/mslima?ref_src=twsrc%5Egoogle%7Ctwcamp%5Eserp%7Ctwgr%5Eauthor,,Portugal,eur,,1292,73.41%,Global North,Europe,HIGH-INCOME ECONOMIES,mslima,https://unavatar.io/,,yes,,ManuelLima.png,1
77,Kontinentalist,4.0,yes,https://kontinentalist.com/about,https://twitter.com/konti_sg,,Singapore,as,,1296,73.64%,Global North,Asia,HIGH-INCOME ECONOMIES,konti_sg,https://unavatar.io/,,yes,,Kontinentalist.png,1
82,Xaquín González Veira,4.0,yes,http://xocas.com,https://twitter.com/xocasgv?lang=en,,Spain,eur,,1300,73.86%,Global North,Europe,HIGH-INCOME ECONOMIES,xocasgv,https://unavatar.io/,https://unavatar.io/xocasgv,yes,,XaquinGonzalezVeira.png,1
70,Duncan Geere,4.0,yes,https://www.duncangeere.com,https://twitter.com/duncangeere,,Sweden,eur,,1304,74.09%,Global North,Europe,HIGH-INCOME ECONOMIES,duncangeere,https://unavatar.io/,https://unavatar.io/duncangeere,yes,,DuncanGeere.png,1
81,Tiziana Alocci,4.0,yes,https://www.tizianaalocci.com,https://twitter.com/Altiziana?ref_src=twsrc%5Egoogle%7Ctwcamp%5Eserp%7Ctwgr%5Eauthor,https://www.instagram.com/tiz.alocci/?hl=en,United Kingdom,eur,,1308,74.32%,Global North,Europe,HIGH-INCOME ECONOMIES,Altiziana,https://unavatar.io/,https://unavatar.io/Altiziana,yes,,TizianaAlocci.png,1
76,Kenneth Field,4.0,yes,http://cartoblography.com,https://twitter.com/kennethfield?ref_src=twsrc%5Egoogle%7Ctwcamp%5Eserp%7Ctwgr%5Eauthor,,United States of America,na,,1312,74.55%,,Northern America,,kennethfield,https://unavatar.io/,,missing,,KennethField.png,1
72,IEEE VIS,4.0,yes,http://ieeevis.org/year/2022/welcome,https://twitter.com/ieeevis?lang=en,,United States of America,na,,1316,74.77%,,Northern America,,ieeevis,https://unavatar.io/,https://unavatar.io/ieeevis,yes,,IEEEVIS.png,1
65,Bill Shander,4.0,yes,https://billshander.com,https://twitter.com/billshander?ref_src=twsrc%5Egoogle%7Ctwcamp%5Eserp%7Ctwgr%5Eauthor,,United States of America,na,,1320,75.00%,,Northern America,,billshander,https://unavatar.io/,https://unavatar.io/billshander,yes,,BillShander.png,1
79,Nate Silver,4.0,yes,https://fivethirtyeight.com,https://twitter.com/NateSilver538?ref_src=twsrc%5Egoogle%7Ctwcamp%5Eserp%7Ctwgr%5Eauthor,,United States of America,na,,1324,75.23%,,Northern America,,NateSilver538,https://unavatar.io/,,yes,,NateSilver.png,1
66,Bloomberg,4.0,yes,https://www.bloomberg.com,https://twitter.com/business?ref_src=twsrc%5Egoogle%7Ctwcamp%5Eserp%7Ctwgr%5Eauthor,,United States of America,na,,1328,75.45%,,Northern America,,business,https://unavatar.io/,,yes,,Bloomberg.png,1
67,Chart Chat,4.0,yes,https://www.datarevelations.com/chart-chat/,,,United States of America,na,,1332,75.68%,,Northern America,,,https://unavatar.io/,,yes,,ChartChat.png,1
75,Ken Flerlage,4.0,yes,https://www.flerlagetwins.com,https://twitter.com/flerlagekr,,United States of America,na,,1336,75.91%,,Northern America,,flerlagekr,https://unavatar.io/,https://unavatar.io/flerlagekr,yes,,KenFlerlage.png,1
73,Jason Forrest,4.0,yes,https://www.jasonforrestftw.com,https://twitter.com/jasonforrestftw,,United States of America,na,,1340,76.14%,,Northern America,,jasonforrestftw,https://unavatar.io/,,yes,,JasonForrest.png,1
97,Tableau Zen Masters,4.0,yes,https://www.tableau.com/community/community-leaders/zen-masters,,,United States of America,na,Zen Masters,1344,76.36%,,Northern America,,,https://unavatar.io/,https://unavatar.io/,missing,,TableauZenMasters.png,1
91,Michael Friendly,3.0,yes,https://www.datavis.ca,https://twitter.com/datavisFriendly?ref_src=twsrc%5Egoogle%7Ctwcamp%5Eserp%7Ctwgr%5Eauthor,,Canada,na,,1347,76.53%,Global North,Northern America,HIGH-INCOME ECONOMIES,datavisFriendly,https://unavatar.io/,https://unavatar.io/datavisFriendly,missing (could not find),,MichaelFriendly.png,1
98,Visual Capitalist,3.0,yes,https://www.visualcapitalist.com,https://twitter.com/VisualCap?ref_src=twsrc%5Egoogle%7Ctwcamp%5Eserp%7Ctwgr%5Eauthor,,Canada,na,,1350,76.70%,Global North,Northern America,HIGH-INCOME ECONOMIES,VisualCap,https://unavatar.io/,https://unavatar.io/VisualCap,yes,,VisualCapitalist.png,1
89,Matthias Stahl,3.0,yes,https://www.higsch.com,https://twitter.com/h_i_g_s_c_h?ref_src=twsrc%5Egoogle%7Ctwcamp%5Eserp%7Ctwgr%5Eauthor,,Germany,eur,,1353,76.88%,Global North,Europe,HIGH-INCOME ECONOMIES,h_i_g_s_c_h,https://unavatar.io/,https://unavatar.io/h_i_g_s_c_h,yes,,MatthiasStahl.png,1
100,d3.js Community,3.0,yes,https://d3js.org,https://twitter.com/d3visualization?lang=en,,,,,1356,77.05%,,,,d3visualization,https://unavatar.io/,https://unavatar.io/d3visualization,yes,,djsCommunity.png,1
87,Jan Willem Tulp,3.0,yes,http://tulpinteractive.com,https://twitter.com/janwillemtulp,,Netherlands,eur,,1359,77.22%,Global North,Europe,HIGH-INCOME ECONOMIES,janwillemtulp,https://unavatar.io/,https://unavatar.io/janwillemtulp,yes,,JanWillemTulp.png,1
96,Sonja Kuijpers,3.0,yes,http://www.studioterp.nl,https://twitter.com/SonjaKuijpers?ref_src=twsrc%5Egoogle%7Ctwcamp%5Eserp%7Ctwgr%5Eauthor,,Netherlands,eur,,1362,77.39%,Global North,Europe,HIGH-INCOME ECONOMIES,SonjaKuijpers,https://unavatar.io/,https://unavatar.io/SonjaKuijpers,yes,,SonjaKuijpers.png,1
93,Miriam Quick,3.0,yes,https://miriamquick.com,https://twitter.com/miriamquick,https://www.instagram.com/miriam_quick/,United Kingdom,eur,,1365,77.56%,Global North,Europe,HIGH-INCOME ECONOMIES,miriamquick,https://unavatar.io/,https://unavatar.io/miriamquick,yes,,MiriamQuick.png,1
85,Financial Times,3.0,yes,https://www.ft.com,https://twitter.com/ft,,United Kingdom,eur,,1368,77.73%,Global North,Europe,HIGH-INCOME ECONOMIES,ft,https://unavatar.io/,https://unavatar.io/ft,yes,,FinancialTimes.png,1
90,Michael Freeman,3.0,yes,http://mfviz.com,https://twitter.com/mf_viz,,United States of America,na,,1371,77.90%,,Northern America,,mf_viz,https://unavatar.io/,https://unavatar.io/mf_viz,yes,,MichaelFreeman.png,1
86,Frank Elavsky,3.0,yes,https://chartability.fizz.studio,https://twitter.com/frankelavsky?lang=en,,United States of America,na,,1374,78.07%,,Northern America,,frankelavsky,https://unavatar.io/,https://unavatar.io/frankelavsky,yes,,FrankElavsky.png,1
95,Robert Kosara,3.0,yes,https://eagereyes.org,https://twitter.com/eagereyes,,United States of America,na,,1377,78.24%,,Northern America,,eagereyes,https://unavatar.io/,https://unavatar.io/eagereyes,yes,,RobertKosara.png,1
84,Fanthom,3.0,yes,https://fathom.info,https://twitter.com/fathominfo?lang=en,,United States of America,na,,1380,78.41%,,Northern America,,fathominfo,https://unavatar.io/,https://unavatar.io/fathominfo,yes,,Fanthom.png,1
83,Curran Kelleher,3.0,yes,https://vizhub.com/curran,https://twitter.com/currankelleher?lang=en,,United States of America,na,,1383,78.58%,,Northern America,,currankelleher,https://unavatar.io/,https://unavatar.io/currankelleher,yes,,CurranKelleher.png,1
94,Nicholas Rougeux,3.0,yes,https://www.c82.net,https://twitter.com/rougeux?ref_src=twsrc%5Egoogle%7Ctwcamp%5Eserp%7Ctwgr%5Eauthor,https://www.instagram.com/nickrougeux/?hl=en,United States of America,na,,1386,78.75%,,Northern America,,rougeux,https://unavatar.io/,https://unavatar.io/rougeux,yes,,NicholasRougeux.png,1
92,Michelle Rial,3.0,yes,https://www.michellerial.com/books,https://twitter.com/TheRialMichelle?ref_src=twsrc%5Egoogle%7Ctwcamp%5Eserp%7Ctwgr%5Eauthor,https://www.instagram.com/michellerial/,United States of America,na,,1389,78.92%,,Northern America,,TheRialMichelle,https://unavatar.io/,https://unavatar.io/TheRialMichelle,yes,,MichelleRial.png,1
88,Matthew Kay,3.0,yes,https://www.mjskay.com,,,United States of America,na,,1392,79.09%,,Northern America,,,https://unavatar.io/,https://unavatar.io/,yes,,MatthewKay.png,1
133,Nael Shiab,2.0,yes,http://naelshiab.com/,https://twitter.com/naelshiab,https://www.instagram.com/naelshiab/,Canada,na,,1394,79.20%,Global North,Northern America,HIGH-INCOME ECONOMIES,naelshiab,https://unavatar.io/,https://unavatar.io/naelshiab,yes,,NaelShiab.png,1
137,Nicky Case,2.0,yes,https://ncase.me/,https://twitter.com/ncasenmare,,Canada,na,,1396,79.32%,Global North,Northern America,HIGH-INCOME ECONOMIES,ncasenmare,https://unavatar.io/,https://unavatar.io/ncasenmare,missing,,NickyCase.png,1
119,Heather Krause,2.0,yes,https://weallcount.com,https://twitter.com/datassist?ref_src=twsrc%5Egoogle%7Ctwcamp%5Eserp%7Ctwgr%5Eauthor,,Canada,na,,1398,79.43%,Global North,Northern America,HIGH-INCOME ECONOMIES,datassist,https://unavatar.io/,https://unavatar.io/datassist,yes,,HeatherKrause.png,1
120,Jer Thorp,2.0,yes,https://www.jerthorp.com,https://twitter.com/blprnt,,Canada,na,,1400,79.55%,Global North,Northern America,HIGH-INCOME ECONOMIES,blprnt,https://unavatar.io/,https://unavatar.io/blprnt,yes,,JerThorp.png,1
107,Charles Joseph Minard,2.0,yes,https://en.wikipedia.org/wiki/Charles_Joseph_Minard,,,France,eur,,1402,79.66%,Global North,Europe,HIGH-INCOME ECONOMIES,,https://unavatar.io/,https://unavatar.io/,yes,,CharlesJosephMinard.png,1
123,Julie Brunet,2.0,yes,https://linktr.ee/datacitron,https://twitter.com/datacitron,https://www.instagram.com/datacitron/,France,eur,,1404,79.77%,Global North,Europe,HIGH-INCOME ECONOMIES,datacitron,https://unavatar.io/,https://unavatar.io/datacitron,missing,,JulieBrunet.png,1
127,Marian Dörk,2.0,yes,https://mariandoerk.de/,https://twitter.com/nrchtct,,Germany,eur,,1406,79.89%,Global North,Europe,HIGH-INCOME ECONOMIES,nrchtct,https://unavatar.io/,https://unavatar.io/nrchtct,yes,,MarianDork.png,1
126,Lisa Rapp,2.0,yes,https://www.allcapsdata.com/,https://twitter.com/nablavanderlyle,,Germany,eur,,1408,80.00%,Global North,Europe,HIGH-INCOME ECONOMIES,nablavanderlyle,https://unavatar.io/,https://unavatar.io/nablavanderlyle,yes,,LisaRapp.png,1
112,Data Stories Podcast,2.0,yes,https://datastori.es,https://twitter.com/datastories,,Italy,eur,,1410,80.11%,Global North,Europe,HIGH-INCOME ECONOMIES,datastories,https://unavatar.io/,https://unavatar.io/datastories,yes,,DataStoriesPodcast.png,1
113,Density Design Lab,2.0,yes,https://densitydesign.org,https://twitter.com/densitydesign,,Italy,eur,,1412,80.23%,Global North,Europe,HIGH-INCOME ECONOMIES,densitydesign,https://unavatar.io/,https://unavatar.io/densitydesign,yes,,DensityDesignLab.png,1
142,Dataviz Catalogue,2.0,yes,https://datavizcatalogue.com/,https://twitter.com/dataviz_catalog,,,,,1414,80.34%,,,,dataviz_catalog,https://unavatar.io/,https://unavatar.io/dataviz_catalog,yes,,DatavizCatalogue.png,1
109,Clever Franke,2.0,yes,https://www.cleverfranke.com,https://twitter.com/cleverfranke?ref_src=twsrc%5Egoogle%7Ctwcamp%5Eserp%7Ctwgr%5Eauthor,,Netherlands,eur,,1416,80.45%,Global North,Europe,HIGH-INCOME ECONOMIES,cleverfranke,https://unavatar.io/,https://unavatar.io/cleverfranke,yes,,CleverFranke.png,1
110,Daniel Marsh-Patrick,2.0,yes,https://coacervo.co,https://twitter.com/the_d_mp,,New Zealand,oc,,1418,80.57%,Global North,Oceania,HIGH-INCOME ECONOMIES,the_d_mp,https://unavatar.io/,https://unavatar.io/the_d_mp,yes,,DanielMarsh-Patrick.png,1
122,Jorge Camões,2.0,yes,https://excelcharts.com,https://twitter.com/wisevis,,Portugal,eur,,1420,80.68%,Global North,Europe,HIGH-INCOME ECONOMIES,wisevis,https://unavatar.io/,https://unavatar.io/wisevis,yes,,JorgeCamoes.png,1
363,Ricardo Cabello,2.0,no,https://mrdoob.com/,https://twitter.com/mrdoob,https://www.instagram.com/mrdoob_/,Spain,eur,,1422,80.80%,Global North,Europe,HIGH-INCOME ECONOMIES,mrdoob,https://unavatar.io/,https://unavatar.io/mrdoob,,,RicardoCabello.png,1
118,Georgios Karamanis,2.0,yes,https://karaman.is,https://twitter.com/geokaramanis?ref_src=twsrc%5Egoogle%7Ctwcamp%5Eserp%7Ctwgr%5Eauthor,,Sweden,eur,,1424,80.91%,Global North,Europe,HIGH-INCOME ECONOMIES,geokaramanis,https://unavatar.io/,https://unavatar.io/geokaramanis,yes,,GeorgiosKaramanis.png,1
117,Florence Nightingale,2.0,yes,https://en.wikipedia.org/wiki/Florence_Nightingale,,,United Kingdom,eur,,1426,81.02%,Global North,Europe,HIGH-INCOME ECONOMIES,,https://unavatar.io/,https://unavatar.io/,yes,,FlorenceNightingale.png,1
115,Ellen Blackburn,2.0,yes,https://public.tableau.com/app/profile/ellen4268#!/,https://twitter.com/ellenblackburnn,,United Kingdom,eur,,1428,81.14%,Global North,Europe,HIGH-INCOME ECONOMIES,ellenblackburnn,https://unavatar.io/,https://unavatar.io/ellenblackburnn,yes,,EllenBlackburn.png,1
128,Matt DesLauriers,2.0,yes,https://www.mattdesl.com/,https://twitter.com/mattdesl,https://www.instagram.com/mattdesl_art/,United Kingdom,eur,,1430,81.25%,Global North,Europe,HIGH-INCOME ECONOMIES,mattdesl,https://unavatar.io/,https://unavatar.io/mattdesl,yes,,MattDesLauriers.png,1
129,Max Roser,2.0,yes,https://www.maxroser.com/,https://twitter.com/maxcroser,,United Kingdom,eur,,1432,81.36%,Global North,Europe,HIGH-INCOME ECONOMIES,maxcroser,https://unavatar.io/,https://unavatar.io/maxcroser,missing,,MaxRoser.png,1
143,The Guardian,2.0,yes,https://www.theguardian.com/international,https://twitter.com/guardian,https://www.instagram.com/guardian/,United Kingdom,eur,,1434,81.48%,Global North,Europe,HIGH-INCOME ECONOMIES,guardian,https://unavatar.io/,https://unavatar.io/guardian,yes,,TheGuardian.png,1
116,Eva Murray,2.0,yes,https://www.trimydata.com,https://twitter.com/TriMyData?ref_src=twsrc%5Egoogle%7Ctwcamp%5Eserp%7Ctwgr%5Eauthor,,United Kingdom,eur,,1436,81.59%,Global North,Europe,HIGH-INCOME ECONOMIES,TriMyData,https://unavatar.io/,https://unavatar.io/TriMyData,yes,,EvaMurray.png,1
136,Nicholas Feltron,2.0,yes,http://feltron.com/,https://twitter.com/feltron,,United States of America,na,,1438,81.70%,,Northern America,,feltron,https://unavatar.io/,https://unavatar.io/feltron,yes,,NicholasFeltron.png,1
132,Mollie Pettit,2.0,yes,http://guacamollie.com/,https://twitter.com/mollzmp,,United States of America,na,,1440,81.82%,,Northern America,,mollzmp,https://unavatar.io/,https://unavatar.io/mollzmp,yes,,MolliePettit.png,1
121,John Nelson,2.0,yes,https://adventuresinmapping.com,https://twitter.com/john_m_nelson,,United States of America,na,,1442,81.93%,,Northern America,,john_m_nelson,https://unavatar.io/,https://unavatar.io/john_m_nelson,yes,,JohnNelson.png,1
102,Amber Thomas,2.0,yes,https://amber.rbind.io,https://twitter.com/ProQuesAsker,,United States of America,na,,1444,82.05%,,Northern America,,ProQuesAsker,https://unavatar.io/,https://unavatar.io/ProQuesAsker,yes,,AmberThomas.png,1
101,Allen Hillery,2.0,yes,https://bedatalit.com,https://twitter.com/aldatavizguy,,United States of America,na,,1446,82.16%,,Northern America,,aldatavizguy,https://unavatar.io/,https://unavatar.io/aldatavizguy,yes,,AllenHillery.png,1
130,Micah Stubbs,2.0,yes,https://bl.ocks.org/micahstubbs,https://twitter.com/micahstubbs,https://www.instagram.com/micahstubbs/,United States of America,na,,1448,82.27%,,Northern America,,micahstubbs,https://unavatar.io/,https://unavatar.io/micahstubbs,yes,,MicahStubbs.png,1
131,Microsoft Power BI Community,2.0,yes,https://community.powerbi.com,,,United States of America,na,,1450,82.39%,,Northern America,,,https://unavatar.io/,https://unavatar.io/,missing,,MicrosoftPowerBICommunity.png,1
147,W. E. B. Du Bois,2.0,yes,https://en.wikipedia.org/wiki/W._E._B._Du_Bois,,,United States of America,na,,1452,82.50%,,Northern America,,,https://unavatar.io/,https://unavatar.io/,missing,,WEBDuBois.png,1
148,William Cleveland,2.0,yes,https://en.wikipedia.org/wiki/William_S._Cleveland,,,United States of America,na,,1454,82.61%,,Northern America,,,https://unavatar.io/,https://unavatar.io/,yes,,WilliamCleveland.png,0
124,Kieran Healy,2.0,yes,https://kieranhealy.org/,https://twitter.com/kjhealy,,United States of America,na,,1456,82.73%,,Northern America,,kjhealy,https://unavatar.io/,https://unavatar.io/kjhealy,yes,,KieranHealy.png,1
149,Zach Bowders,2.0,yes,https://linktr.ee/zbowders,https://twitter.com/zachbowders,,United States of America,na,,1458,82.84%,,Northern America,,zachbowders,https://unavatar.io/,https://unavatar.io/zachbowders,yes,,ZachBowders.png,1
125,Lauren Klein,2.0,yes,https://lklein.com/,https://twitter.com/laurenfklein,,United States of America,na,,1460,82.95%,,Northern America,,laurenfklein,https://unavatar.io/,https://unavatar.io/laurenfklein,yes,,LaurenKlein.png,1
141,Simon Rogers,2.0,yes,https://simonrogers.net/,https://twitter.com/smfrogers,,United States of America,na,,1462,83.07%,,Northern America,,smfrogers,https://unavatar.io/,https://unavatar.io/smfrogers,yes,,SimonRogers.png,1
144,Thomas Mock,2.0,yes,https://themockup.blog/,https://twitter.com/thomas_mock,,United States of America,na,,1464,83.18%,,Northern America,,thomas_mock,https://unavatar.io/,https://unavatar.io/thomas_mock,yes,,ThomasMock.png,1
145,Tyler Hobbs,2.0,no,https://tylerxhobbs.com/,https://twitter.com/tylerxhobbs?lang=pt,https://www.instagram.com/tylerxhobbs/,United States of America,na,,1466,83.30%,,Northern America,,tylerxhobbs,https://unavatar.io/,https://unavatar.io/tylerxhobbs,yes,,TylerHobbs.png,1
106,Chantilly Jaggernauth,2.0,yes,https://www.chanjagg.com/about,https://twitter.com/chanjagg,,United States of America,na,,1468,83.41%,,Northern America,,chanjagg,https://unavatar.io/,https://unavatar.io/chanjagg,yes,,ChantillyJaggernauth.png,1
103,Ben Shneiderman,2.0,yes,https://www.cs.umd.edu/~ben/,https://twitter.com/benbendc?ref_src=twsrc%5Egoogle%7Ctwcamp%5Eserp%7Ctwgr%5Eauthor,,United States of America,na,,1470,83.52%,,Northern America,,benbendc,https://unavatar.io/,https://unavatar.io/benbendc,yes,,BenShneiderman.png,1
108,Chris DeMartini,2.0,yes,https://www.datablick.com,https://twitter.com/demartsc?lang=en,,United States of America,na,,1472,83.64%,,Northern America,,demartsc,https://unavatar.io/,https://unavatar.io/demartsc,yes,,ChrisDeMartini.png,1
134,Nancy Duarte,2.0,yes,https://www.duarte.com/,https://twitter.com/nancyduarte,,United States of America,na,,1474,83.75%,,Northern America,,nancyduarte,https://unavatar.io/,https://unavatar.io/nancyduarte,yes,,NancyDuarte.png,1
104,Brent Dykes,2.0,yes,https://www.effectivedatastorytelling.com,https://twitter.com/analyticshero?ref_src=twsrc%5Egoogle%7Ctwcamp%5Eserp%7Ctwgr%5Eauthor,,United States of America,na,,1476,83.86%,,Northern America,,analyticshero,https://unavatar.io/,https://unavatar.io/analyticshero,yes,,BrentDykes.png,1
105,Candra Mcrae,2.0,yes,https://www.workout-wednesday.com/author/candra/,https://twitter.com/itscandram,,United States of America,na,,1478,83.98%,,Northern America,,itscandram,https://unavatar.io/,https://unavatar.io/itscandram,yes,,CandraMcrae.png,1
111,Daniel Zvinca,2.0,yes,,https://twitter.com/danz_68,,United States of America,na,,1480,84.09%,,Northern America,,danz_68,https://unavatar.io/,https://unavatar.io/danz_68,yes,,DanielZvinca.png,1
135,Neil Richards,2.0,yes,,https://twitter.com/neilmrichards,,United States of America,na,,1482,84.20%,,Northern America,,neilmrichards,https://unavatar.io/,https://unavatar.io/neilmrichards,missing,,NeilRichards.png,1
140,Rich Harris,2.0,no,,https://twitter.com/Rich_Harris?ref_src=twsrc%5Egoogle%7Ctwcamp%5Eserp%7Ctwgr%5Eauthor,,United States of America,na,,1484,84.32%,,Northern America,,Rich_Harris,https://unavatar.io/,https://unavatar.io/Rich_Harris,yes,,RichHarris.png,1
190,Casey Briggs,1.0,no,http://www.caseybriggs.com/,https://twitter.com/caseybriggs,,Australia,oc,,1485,84.38%,Global North,Oceania,HIGH-INCOME ECONOMIES,,https://unavatar.io/,https://unavatar.io/,,,CaseyBriggs.png,0
286,Kerry Kolosko,1.0,no,https://kerrykolosko.com/,https://twitter.com/kerrykolosko,https://www.instagram.com/kerrykolosko/,Australia,oc,,1486,84.43%,Global North,Oceania,HIGH-INCOME ECONOMIES,,https://unavatar.io/,https://unavatar.io/,,,KerryKolosko.png,0
242,Harkanwal Singh,1.0,no,https://thespinoff.co.nz/authors/harkanwal-singh,,,Australia,oc,,1487,84.49%,Global North,Oceania,HIGH-INCOME ECONOMIES,,https://unavatar.io/,https://unavatar.io/,,,HarkanwalSingh.png,0
157,Alana Pironne,1.0,no,https://www.alanapirrone.com.au/,https://twitter.com/alanapirrone,https://www.instagram.com/alana_design_dataviz/,Australia,oc,,1488,84.55%,Global North,Oceania,HIGH-INCOME ECONOMIES,,https://unavatar.io/,https://unavatar.io/,,,AlanaPironne.png,0
339,Otto Neurath,1.0,no,https://en.wikipedia.org/wiki/Otto_Neurath,,,Austria,eur,,1489,84.60%,Global North,Europe,HIGH-INCOME ECONOMIES,,https://unavatar.io/,https://unavatar.io/,,,OttoNeurath.png,0
385,Silvia Miksch,1.0,no,https://www.cvast.tuwien.ac.at/team/silvia-miksch,,,Austria,eur,,1490,84.66%,Global North,Europe,HIGH-INCOME ECONOMIES,,https://unavatar.io/,https://unavatar.io/,,,SilviaMiksch.png,0
187,Café.Art.Br,1.0,no,https://cafe.art.br/,,https://www.instagram.com/cafe.art.br/,Brazil,la,,1491,84.72%,Global South,Latin America and the Caribbean,UPPER-MIDDLE-INCOME ECONOMIES,,https://unavatar.io/,https://unavatar.io/,,,CafeArtBr.png,0
208,Datafolha,1.0,no,https://datafolha.folha.uol.com.br/,https://twitter.com/Data_Folha,https://www.instagram.com/portaldatafolha/,Brazil,la,,1492,84.77%,Global South,Latin America and the Caribbean,UPPER-MIDDLE-INCOME ECONOMIES,,https://unavatar.io/,https://unavatar.io/,,,Datafolha.png,0
416,Vinicius Sueiro,1.0,no,https://vsueiro.com/,https://twitter.com/viniciussueiro,https://www.instagram.com/vsueiro/?hl=en,Brazil,la,,1493,84.83%,Global South,Latin America and the Caribbean,UPPER-MIDDLE-INCOME ECONOMIES,viniciussueiro,https://unavatar.io/,https://unavatar.io/viniciussueiro,,,ViniciusSueiro.png,0
329,Nexo Jornal,1.0,no,https://www.nexojornal.com.br/,https://twitter.com/nexojornal,https://www.instagram.com/nexojornal/,Brazil,la,,1494,84.89%,Global South,Latin America and the Caribbean,UPPER-MIDDLE-INCOME ECONOMIES,,https://unavatar.io/,https://unavatar.io/,,,NexoJornal.png,0
282,Katherine Ognyanova,1.0,no,https://kateto.net/,https://twitter.com/ognyanova,,Bulgaria,eur,,1495,84.94%,Global North,Europe,UPPER-MIDDLE-INCOME ECONOMIES,,https://unavatar.io/,https://unavatar.io/,,,KatherineOgnyanova.png,0
334,Nicola Kruchten,1.0,no,http://nicolas.kruchten.com/,https://twitter.com/nicolaskruchten,,Canada,na,,1496,85.00%,Global North,Northern America,HIGH-INCOME ECONOMIES,nicolaskruchten,https://unavatar.io/,https://unavatar.io/nicolaskruchten,,,NicolaKruchten.png,0
384,Sheelagh Carpendale,1.0,no,http://sheelaghcarpendale.ca/,,,Canada,na,,1497,85.06%,Global North,Northern America,HIGH-INCOME ECONOMIES,,https://unavatar.io/,https://unavatar.io/,,,SheelaghCarpendale.png,0
359,Randy Olson,1.0,no,http://www.randalolson.com/,https://twitter.com/randal_olson,https://www.instagram.com/randal.s.olson/,Canada,na,,1498,85.11%,Global North,Northern America,HIGH-INCOME ECONOMIES,randal_olson,https://unavatar.io/,https://unavatar.io/randal_olson,,,RandyOlson.png,0
284,Kelly Martin,1.0,no,https://brownowlcreative.wixsite.com/vizcandy,https://twitter.com/vizcandy,,Canada,na,VizCandy,1499,85.17%,Global North,Northern America,HIGH-INCOME ECONOMIES,,https://unavatar.io/,https://unavatar.io/,,,KellyMartin.png,0
198,Craig Taylor,1.0,no,https://craigdtaylor.com/,https://twitter.com/cdltaylor,https://www.instagram.com/craig_d_taylor/,Canada,na,,1500,85.23%,Global North,Northern America,HIGH-INCOME ECONOMIES,,https://unavatar.io/,https://unavatar.io/,,,CraigTaylor.png,0
276,Julia Wolfe,1.0,no,https://fivethirtyeight.com/contributors/julia-wolfe/,https://twitter.com/juruwolfe,,Canada,na,,1501,85.28%,Global North,Northern America,HIGH-INCOME ECONOMIES,,https://unavatar.io/,https://unavatar.io/,,,JuliaWolfe.png,0
348,Priyanka Dobhal,1.0,no,https://public.tableau.com/app/profile/priyanka.dobhal0993#!/,https://twitter.com/priyankadobhal_,,Canada,na,,1502,85.34%,Global North,Northern America,HIGH-INCOME ECONOMIES,priyankadobhal_,https://unavatar.io/,https://unavatar.io/priyankadobhal_,,,PriyankaDobhal.png,0
368,Roberto Rocha,1.0,no,https://robertorocha.info/,https://twitter.com/robroc,,Canada,na,,1503,85.40%,Global North,Northern America,HIGH-INCOME ECONOMIES,robroc,https://unavatar.io/,https://unavatar.io/robroc,,,RobertoRocha.png,0
419,We All Count,1.0,no,https://weallcount.com/,https://twitter.com/datassist,,Canada,na,,1504,85.45%,Global North,Northern America,HIGH-INCOME ECONOMIES,datassist,https://unavatar.io/,https://unavatar.io/datassist,,,WeAllCount.png,0
337,Olivia Gélinas,1.0,no,https://www.codemeetsworld.com/,https://twitter.com/oliviagelinas,,Canada,na,,1505,85.51%,Global North,Northern America,HIGH-INCOME ECONOMIES,oliviagelinas,https://unavatar.io/,https://unavatar.io/oliviagelinas,,,OliviaGelinas.png,0
207,DataStuffPlus,1.0,no,https://www.patreon.com/datastuffplus,https://twitter.com/datastuffplus,https://www.instagram.com/datastuffplus/,Canada,na,,1506,85.57%,Global North,Northern America,HIGH-INCOME ECONOMIES,,https://unavatar.io/,https://unavatar.io/,,,DataStuffPlus.png,0
332,Nick Desbarats,1.0,no,https://www.practicalreporting.com/,https://twitter.com/nickdesb,,Canada,na,,1507,85.63%,Global North,Northern America,HIGH-INCOME ECONOMIES,nickdesb,https://unavatar.io/,https://unavatar.io/nickdesb,,,NickDesbarats.png,0
266,Jon Erlichman,1.0,no,,https://twitter.com/jonerlichman,https://www.instagram.com/jonerlichman/,Canada,na,,1508,85.68%,Global North,Northern America,HIGH-INCOME ECONOMIES,,https://unavatar.io/,https://unavatar.io/,,,JonErlichman.png,0
219,Diego T. Parker,1.0,no,https://aprendetableau.com/,https://twitter.com/diegotparker,,Chile,la,,1509,85.74%,Global South,Latin America and the Caribbean,HIGH-INCOME ECONOMIES,,https://unavatar.io/,https://unavatar.io/,,,DiegoTParker.png,0
421,Wendy Shijia,1.0,no,https://public.tableau.com/app/profile/wendy.shijia#!/,https://twitter.com/shijiawendy,,China,as,,1510,85.80%,Global South,Asia,UPPER-MIDDLE-INCOME ECONOMIES,shijiawendy,https://unavatar.io/,https://unavatar.io/shijiawendy,,,WendyShijia.png,0
387,South China Morning Post,1.0,no,https://www.scmp.com/,https://twitter.com/scmpnews,https://www.instagram.com/scmpnews/,China,as,,1511,85.85%,Global South,Asia,UPPER-MIDDLE-INCOME ECONOMIES,scmpnews,https://unavatar.io/,https://unavatar.io/scmpnews,,,SouthChinaMorningPost.png,0
205,Data Viz Project,1.0,no,https://datavizproject.com/,,https://www.instagram.com/ferdiocom/,Denmark,eur,,1512,85.91%,Global North,Europe,HIGH-INCOME ECONOMIES,,https://unavatar.io/,https://unavatar.io/,,,DataVizProject.png,0
408,Treevis.net,1.0,no,https://treevis.net/,https://twitter.com/treevisproject,,Denmark,eur,,1513,85.97%,Global North,Europe,HIGH-INCOME ECONOMIES,treevisproject,https://unavatar.io/,https://unavatar.io/treevisproject,,,Treevisnet.png,0
319,Mohamad Waked,1.0,no,alhadaqa.com,https://twitter.com/mohamad_waked,https://www.instagram.com/mohamadwaked/,Egypt,af,,1514,86.02%,Global South,Africa,,,https://unavatar.io/,https://unavatar.io/,,,MohamadWaked.png,0
229,European Data Journalism,1.0,no,https://www.europeandatajournalism.eu/,https://twitter.com/edjnet,https://www.instagram.com/edjnet/,Europe,,,1515,86.08%,,,,,https://unavatar.io/,https://unavatar.io/,,,EuropeanDataJournalism.png,0
277,Juuso Koponen,1.0,no,https://www.koponen-hilden.fi/,https://twitter.com/infomuotoilu,https://www.instagram.com/juusonoponen/,Finland,eur,,1516,86.14%,Global North,Europe,HIGH-INCOME ECONOMIES,,https://unavatar.io/,https://unavatar.io/,,,JuusoKoponen.png,0
268,Jonatan Hildén,1.0,no,https://www.koponen-hilden.fi/,https://twitter.com/jhilden,https://www.instagram.com/jhilden/,Finland,eur,,1517,86.19%,Global North,Europe,HIGH-INCOME ECONOMIES,,https://unavatar.io/,https://unavatar.io/,,,JonatanHilden.png,0
193,Clara Dealberto,1.0,no,http://claradealberto.com/,https://twitter.com/claradealberto,,France,eur,,1518,86.25%,Global North,Europe,HIGH-INCOME ECONOMIES,,https://unavatar.io/,https://unavatar.io/,,,ClaraDealberto.png,0
429,Étienne-Jules Marey,1.0,no,https://en.wikipedia.org/wiki/%C3%89tienne-Jules_Marey,,,France,eur,,1519,86.31%,Global North,Europe,HIGH-INCOME ECONOMIES,,https://unavatar.io/,https://unavatar.io/,,,Etienne-JulesMarey.png,0
256,Jacques Bertin,1.0,no,https://pt.wikipedia.org/wiki/Jacques_Bertin,,,France,eur,,1520,86.36%,Global North,Europe,HIGH-INCOME ECONOMIES,,https://unavatar.io/,https://unavatar.io/,,,JacquesBertin.png,0
420,We Do Data,1.0,no,https://wedodata.fr/,https://twitter.com/we_do_data,https://www.instagram.com/wedodataFr/,France,eur,,1521,86.42%,Global North,Europe,HIGH-INCOME ECONOMIES,we_do_data,https://unavatar.io/,https://unavatar.io/we_do_data,,,WeDoData.png,0
232,Florent Lavergne,1.0,no,https://www.behance.net/florentlavergne,,,France,eur,,1522,86.48%,Global North,Europe,HIGH-INCOME ECONOMIES,,https://unavatar.io/,https://unavatar.io/,,,FlorentLavergne.png,0
230,Evelina Judeikytė,1.0,no,https://www.evelinajudeikyte.com/,https://twitter.com/evelinajud,https://www.instagram.com/evelina.jude/,France,eur,,1523,86.53%,Global North,Europe,HIGH-INCOME ECONOMIES,,https://unavatar.io/,https://unavatar.io/,,,EvelinaJudeikyte.png,0
288,Kirell Benzi,1.0,no,https://www.kirellbenzi.com/,https://twitter.com/kirellbenzi,https://www.instagram.com/kirellb/,France,eur,,1524,86.59%,Global North,Europe,HIGH-INCOME ECONOMIES,,https://unavatar.io/,https://unavatar.io/,,,KirellBenzi.png,0
313,Mathilde Damgé,1.0,no,https://www.lemonde.fr/signataires/mathilde-damge/,https://twitter.com/dathilde,,France,eur,,1525,86.65%,Global North,Europe,HIGH-INCOME ECONOMIES,,https://unavatar.io/,https://unavatar.io/,,,MathildeDamge.png,0
273,Jules Grandin,1.0,no,https://www.lesechos.fr/@jules-grandin,https://twitter.com/julesgrandin,https://www.instagram.com/julesgrandin/,France,eur,,1526,86.70%,Global North,Europe,HIGH-INCOME ECONOMIES,,https://unavatar.io/,https://unavatar.io/,,,JulesGrandin.png,0
426,Yan Holtz,1.0,no,https://www.yan-holtz.com/,https://twitter.com/r_graph_gallery,,France,eur,,1527,86.76%,Global North,Europe,HIGH-INCOME ECONOMIES,r_graph_gallery,https://unavatar.io/,https://unavatar.io/r_graph_gallery,,,YanHoltz.png,0
209,Dataveyes,1.0,no,https://dataveyes.com/en,https://twitter.com/dataveyes,https://www.instagram.com/dataveyes/,France,eur,,1528,86.82%,Global North,Europe,HIGH-INCOME ECONOMIES,,https://unavatar.io/,https://unavatar.io/,,,Dataveyes.png,0
212,David Bumbeishvili,1.0,no,https://davidb.dev/,https://twitter.com/dbumbeishvili,,Georgia,as,,1529,86.88%,Global North,Asia,UPPER-MIDDLE-INCOME ECONOMIES,,https://unavatar.io/,https://unavatar.io/,,,DavidBumbeishvili.png,0
245,Helena Jambor,1.0,no,https://helenajambor.wordpress.com/,https://twitter.com/helenajambor,,Germany,eur,,1530,86.93%,Global North,Europe,HIGH-INCOME ECONOMIES,,https://unavatar.io/,https://unavatar.io/,,,HelenaJambor.png,0
278,KATAPULT-Magazin,1.0,no,https://katapult-magazin.de/de,https://twitter.com/Katapultmagazin,https://www.instagram.com/katapultmagazin/,Germany,eur,,1531,86.99%,Global North,Europe,HIGH-INCOME ECONOMIES,,https://unavatar.io/,https://unavatar.io/,,,KATAPULT-Magazin.png,0
184,Bureau Oberhaeuser,1.0,no,https://oberhaeuser.info/,https://twitter.com/oberhaeuserinfo,https://www.instagram.com/bureauoberhaeuser/,Germany,eur,,1532,87.05%,Global North,Europe,HIGH-INCOME ECONOMIES,,https://unavatar.io/,https://unavatar.io/,,,BureauOberhaeuser.png,0
343,Patrick Stotz,1.0,no,https://patrickstotz.github.io/,https://twitter.com/patrickstotz,,Germany,eur,,1533,87.10%,Global North,Europe,HIGH-INCOME ECONOMIES,patrickstotz,https://unavatar.io/,https://unavatar.io/patrickstotz,,,PatrickStotz.png,0
376,Sandra Rendgen,1.0,no,https://sandrarendgen.wordpress.com/about/,https://twitter.com/srendgen,https://www.instagram.com/sandra.rendgen/,Germany,eur,,1534,87.16%,Global North,Europe,HIGH-INCOME ECONOMIES,srendgen,https://unavatar.io/,https://unavatar.io/srendgen,,,SandraRendgen.png,0
404,Tim Rodenbröker,1.0,no,https://timrodenbroeker.de/,,https://www.instagram.com/tim_rodenbroeker/,Germany,eur,,1535,87.22%,Global North,Europe,HIGH-INCOME ECONOMIES,,https://unavatar.io/,https://unavatar.io/,,,TimRodenbroker.png,0
164,Alice Thudt,1.0,no,https://www.alicethudt.de/,https://twitter.com/al_ice_t,,Germany,eur,,1536,87.27%,Global North,Europe,HIGH-INCOME ECONOMIES,,https://unavatar.io/,https://unavatar.io/,,,AliceThudt.png,0
307,Marie Neurath,1.0,no,https://www.marieneurath.org/,https://twitter.com/MarieNeurath,,Germany,eur,,1537,87.33%,Global North,Europe,HIGH-INCOME ECONOMIES,,https://unavatar.io/,https://unavatar.io/,,,MarieNeurath.png,0
250,InfoDesignLab,1.0,no,http://www.infodesignlab.org/,,https://www.instagram.com/informationdesignlab/,Hong Kong,,,1538,87.39%,Global South,,,,https://unavatar.io/,https://unavatar.io/,,,InfoDesignLab.png,0
255,JP Hwang,1.0,no,https://visualnoise.substack.com/,https://twitter.com/_jphwang,https://www.instagram.com/_jphwang/,Hong Kong,,,1539,87.44%,Global South,,,,https://unavatar.io/,https://unavatar.io/,,,JPHwang.png,0
238,György Lukács,1.0,no,https://en.wikipedia.org/wiki/Gy%C3%B6rgy_Luk%C3%A1cs,,,Hungary,eur,,1540,87.50%,Global North,Europe,HIGH-INCOME ECONOMIES,,https://unavatar.io/,https://unavatar.io/,,,GyorgyLukacs.png,0
290,Krisztina Szűcs,1.0,no,https://krisztinaszucs.com/,https://twitter.com/szucsi,,Hungary,eur,,1541,87.56%,Global North,Europe,HIGH-INCOME ECONOMIES,,https://unavatar.io/,https://unavatar.io/,,,KrisztinaSzucs.png,0
252,Ivett Kovács,1.0,no,https://public.tableau.com/app/profile/yvette#!/,https://twitter.com/ivettalexa,,Hungary,eur,,1542,87.61%,Global North,Europe,HIGH-INCOME ECONOMIES,,https://unavatar.io/,https://unavatar.io/,,,IvettKovacs.png,0
360,Rasagy Sharma,1.0,no,http://rasagy.in/,https://twitter.com/rasagy,https://www.instagram.com/rasagy.sharma/,India,as,,1543,87.67%,Global South,Asia,LOWER-MIDDLE INCOME ECONOMIES,rasagy,https://unavatar.io/,https://unavatar.io/rasagy,,,RasagySharma.png,0
249,India In Pixels,1.0,no,https://indiainpixels.xyz/,https://twitter.com/indiainpixels,https://www.instagram.com/india.in.pixels/,India,as,,1544,87.73%,Global South,Asia,LOWER-MIDDLE INCOME ECONOMIES,,https://unavatar.io/,https://unavatar.io/,,,IndiaInPixels.png,0
169,Analytics Vidhya,1.0,no,https://www.analyticsvidhya.com/,https://twitter.com/analyticsvidhya,https://www.instagram.com/analytics_vidhya/,India,as,,1545,87.78%,Global South,Asia,LOWER-MIDDLE INCOME ECONOMIES,,https://unavatar.io/,https://unavatar.io/,,,AnalyticsVidhya.png,0
357,Rahul Dave,1.0,no,,https://twitter.com/rahuldave,,India,as,,1546,87.84%,Global South,Asia,LOWER-MIDDLE INCOME ECONOMIES,rahuldave,https://unavatar.io/,https://unavatar.io/rahuldave,,,RahulDave.png,0
379,Saurabh Moody,1.0,no,,https://twitter.com/saurabhmoody,https://www.instagram.com/saurabhmoody/,India,as,,1547,87.90%,Global South,Asia,LOWER-MIDDLE INCOME ECONOMIES,saurabhmoody,https://unavatar.io/,https://unavatar.io/saurabhmoody,,,SaurabhMoody.png,0
347,PowerUP with POWERPOINT,1.0,no,https://powerupwithpowerpoint.com/,,https://www.instagram.com/powerupwithpowerpoint/,India,as,,1548,87.95%,Global South,Asia,LOWER-MIDDLE INCOME ECONOMIES,,https://unavatar.io/,https://unavatar.io/,,,PowerUPwithPOWERPOINT.png,0
233,Francesco Franchi,1.0,no,http://www.francescofranchi.com/projects/infographics,https://twitter.com/ffranchi,https://www.instagram.com/ffranchi/,Italy,eur,,1549,88.01%,Global North,Europe,HIGH-INCOME ECONOMIES,,https://unavatar.io/,https://unavatar.io/,,,FrancescoFranchi.png,0
170,Anastasia Komissaroff,1.0,no,https://public.tableau.com/app/profile/anastasia.komissarova,https://twitter.com/anakomissarof,https://www.instagram.com/a.komissaroff/,Italy,eur,,1550,88.07%,Global North,Europe,HIGH-INCOME ECONOMIES,,https://unavatar.io/,https://unavatar.io/,,,AnastasiaKomissaroff.png,0
400,The Visual Agency,1.0,no,https://thevisualagency.com/,https://twitter.com/thevisualagency,https://www.instagram.com/the.visual.agency/,Italy,eur,,1551,88.13%,Global North,Europe,HIGH-INCOME ECONOMIES,thevisualagency,https://unavatar.io/,https://unavatar.io/thevisualagency,,,TheVisualAgency.png,0
372,SQLBI,1.0,no,https://www.sqlbi.com/,https://twitter.com/marcorus,,Italy,eur,,1552,88.18%,Global North,Europe,HIGH-INCOME ECONOMIES,marcorus,https://unavatar.io/,https://unavatar.io/marcorus,,,SQLBI.png,0
228,Eunjoo Kim,1.0,no,https://www.linkedin.com/in/eunjookim/,,,"Korea, Republic of",,,1553,88.24%,Global North,,,,https://unavatar.io/,https://unavatar.io/,,,EunjooKim.png,0
393,Tacos de Datos,1.0,no,https://www.tacosdedatos.com/,https://twitter.com/tacosdedatos,https://www.instagram.com/tacosdedatos/,Latin America,,,1554,88.30%,,,,tacosdedatos,https://unavatar.io/,https://unavatar.io/tacosdedatos,,,TacosdeDatos.png,0
196,Comunicación Numérica,1.0,no,https://comunicacionnumerica.com.mx/,,https://www.instagram.com/comunicacion_numerica/,Mexico,la,,1555,88.35%,Global South,Latin America and the Caribbean,UPPER-MIDDLE-INCOME ECONOMIES,,https://unavatar.io/,https://unavatar.io/,,,ComunicacionNumerica.png,0
218,Diana Estefanía Rubio,1.0,no,https://www.dianaestefaniarubio.com/,https://twitter.com/Niaa89,https://www.instagram.com/dianaestefaniarubio/,Mexico,la,,1556,88.41%,Global South,Latin America and the Caribbean,UPPER-MIDDLE-INCOME ECONOMIES,,https://unavatar.io/,https://unavatar.io/,,,DianaEstefaniaRubio.png,0
177,BI Elite,1.0,no,https://bielite.com/,https://twitter.com/PowerBIElite,,,,,1557,88.47%,,,,,https://unavatar.io/,https://unavatar.io/,,,BIElite.png,0
321,Multiple Views Visualization Research Explained,1.0,no,https://medium.com/multiple-views-visualization-research-explained,https://twitter.com/vis_research,,,,,1558,88.52%,,,,,https://unavatar.io/,https://unavatar.io/,,,MultipleViewsVisualizationResearchExplained.png,0
191,ChartR,1.0,no,https://www.chartr.co/,https://twitter.com/chartrdaily,https://www.instagram.com/chartrdaily/,,,,1559,88.58%,,,,,https://unavatar.io/,https://unavatar.io/,,,ChartR.png,0
279,Kantar,1.0,no,https://www.kantar.com/,https://twitter.com/Kantar,https://www.instagram.com/kantarofficial/,,,,1560,88.64%,,,,,https://unavatar.io/,https://unavatar.io/,,,Kantar.png,0
424,Workout Wednesday,1.0,no,https://www.workout-wednesday.com/,,,,,,1561,88.69%,,,,,https://unavatar.io/,https://unavatar.io/,,,WorkoutWednesday.png,0
362,Reuters Graphics,1.0,no,https://graphics.reuters.com/,https://twitter.com/ReutersGraphics,,,,,1562,88.75%,,,,ReutersGraphics,https://unavatar.io/,https://unavatar.io/ReutersGraphics,,,ReutersGraphics.png,0
341,Outlier Conference,1.0,no,https://outlierconf.com/,https://twitter.com/outlierconf,https://www.instagram.com/outlierconf/,,,,1563,88.81%,,,,outlierconf,https://unavatar.io/,https://unavatar.io/outlierconf,,,OutlierConference.png,0
353,R4DS,1.0,no,https://r4ds.had.co.nz/,,,,,,1564,88.86%,,,,,https://unavatar.io/,https://unavatar.io/,,,RDS.png,0
352,R-Ladies,1.0,no,https://rladies.org/,https://twitter.com/RLadiesGlobal,,,,,1565,88.92%,,,,RLadiesGlobal,https://unavatar.io/,https://unavatar.io/RLadiesGlobal,,,R-Ladies.png,0
364,Ricky Reusser,1.0,no,https://rreusser.github.io/,https://twitter.com/rickyreusser,,,,,1566,88.98%,,,,rickyreusser,https://unavatar.io/,https://unavatar.io/rickyreusser,,,RickyReusser.png,0
204,Data Suffragettes,1.0,no,https://www.datasuffragettes.com/,https://twitter.com/dsuffragettes,https://www.instagram.com/data_suffragettes/,,,,1567,89.03%,,,,,https://unavatar.io/,https://unavatar.io/,,,DataSuffragettes.png,0
203,Data School,1.0,no,https://www.thedataschool.co.uk/,https://twitter.com/dataschooluk,,,,,1568,89.09%,,,,,https://unavatar.io/,https://unavatar.io/,,,DataSchool.png,0
371,SHOW Conference,1.0,no,https://graphichuntersshow.nl/,https://twitter.com/GraphicHunters,,Netherlands,eur,Graphic Hunters,1569,89.15%,Global North,Europe,HIGH-INCOME ECONOMIES,,https://unavatar.io/,https://unavatar.io/,,,SHOWConference.png,0
345,Piero Zagmani,1.0,no,https://pierozagami.com/,https://twitter.com/pierozagami,https://www.instagram.com/pierzag/,Netherlands,eur,,1570,89.20%,Global North,Europe,HIGH-INCOME ECONOMIES,,https://unavatar.io/,https://unavatar.io/,,,PieroZagmani.png,0
271,Joost Grootens,1.0,no,https://www.joostgrootens.nl/,https://twitter.com/S__J__G,,Netherlands,eur,,1571,89.26%,Global North,Europe,HIGH-INCOME ECONOMIES,,https://unavatar.io/,https://unavatar.io/,,,JoostGrootens.png,0
176,Armand van Amersfoort,1.0,no,https://www.linkedin.com/in/armand-van-amersfoort-2b91362b/?originalSubdomain=nl,,,Netherlands,eur,,1572,89.32%,Global North,Europe,HIGH-INCOME ECONOMIES,,https://unavatar.io/,https://unavatar.io/,,,ArmandvanAmersfoort.png,0
373,STUDIO TERP,1.0,no,https://www.studioterp.nl/,https://twitter.com/SonjaKuijpers,https://www.instagram.com/studioterp/?hl=pt,Netherlands,eur,,1573,89.38%,Global North,Europe,HIGH-INCOME ECONOMIES,SonjaKuijpers,https://unavatar.io/,https://unavatar.io/SonjaKuijpers,,,STUDIOTERP.png,0
354,RADACAD,1.0,no,https://radacad.com/,https://twitter.com/RADACAD_COM,,New Zealand,oc,,1574,89.43%,Global North,Oceania,HIGH-INCOME ECONOMIES,RADACAD_COM,https://unavatar.io/,https://unavatar.io/RADACAD_COM,,,RADACAD.png,0
283,Kelley O' Connell,1.0,no,https://www.linkedin.com/in/oconnell-kelly/,,,New Zealand,oc,,1575,89.49%,Global North,Oceania,HIGH-INCOME ECONOMIES,,https://unavatar.io/,https://unavatar.io/,,,KelleyOConnell.png,0
378,Sarah L. Fossheim,1.0,no,https://fossheim.io/,https://twitter.com/liatrisbian,,Norway,eur,,1576,89.55%,Global North,Europe,HIGH-INCOME ECONOMIES,liatrisbian,https://unavatar.io/,https://unavatar.io/liatrisbian,,,SarahLFossheim.png,0
374,Sandra Becker,1.0,no,https://sandraviz.com/,https://twitter.com/SandraCrypto,,Portugal,eur,,1577,89.60%,Global North,Europe,HIGH-INCOME ECONOMIES,SandraCrypto,https://unavatar.io/,https://unavatar.io/SandraCrypto,,,SandraBecker.png,0
210,Datavis Lisboa,1.0,no,https://www.datavis-lisboa.pt/,https://twitter.com/datavislisboa,,Portugal,eur,,1578,89.66%,Global North,Europe,HIGH-INCOME ECONOMIES,,https://unavatar.io/,https://unavatar.io/,,,DatavisLisboa.png,0
344,Pedro M. Cruz,1.0,no,https://pmcruz.com/,https://twitter.com/pmcruz,,Portugal,eur,,1579,89.72%,Global North,Europe,HIGH-INCOME ECONOMIES,pmcruz,https://unavatar.io/,https://unavatar.io/pmcruz,,,PedroMCruz.png,0
160,Alex Kolokolov,1.0,no,https://alexkolokolov.com/en,,https://www.instagram.com/finalitica/,Russian Federation,eur,,1580,89.77%,Global North,Europe,UPPER-MIDDLE-INCOME ECONOMIES,,https://unavatar.io/,https://unavatar.io/,,,AlexKolokolov.png,0
163,Alexander Varlamov,1.0,no,https://coolbluedata.com/about/,https://twitter.com/alexandervar7,,Russian Federation,eur,,1581,89.83%,Global North,Europe,UPPER-MIDDLE-INCOME ECONOMIES,,https://unavatar.io/,https://unavatar.io/,,,AlexanderVarlamov.png,0
246,Helena Sarin,1.0,no,https://www.katevassgalerie.com/helena-sarin,https://twitter.com/neuralbricolage,,Russian Federation,eur,,1582,89.89%,Global North,Europe,UPPER-MIDDLE-INCOME ECONOMIES,,https://unavatar.io/,https://unavatar.io/,,,HelenaSarin.png,0
234,Fundación Cotec,1.0,no,https://cotec.es/,https://twitter.com/Cotec_Innova,https://www.instagram.com/fundacioncotec/,Spain,eur,,1583,89.94%,Global North,Europe,HIGH-INCOME ECONOMIES,,https://unavatar.io/,https://unavatar.io/,,,FundacionCotec.png,0
153,Adolfo Arranz,1.0,no,https://lasombra.blogs.com/,https://twitter.com/adolfux,https://www.instagram.com/adolfux/,Spain,eur,,1584,90.00%,Global North,Europe,HIGH-INCOME ECONOMIES,,https://unavatar.io/,https://unavatar.io/,,,AdolfoArranz.png,0
257,Jaime Serra Palou,1.0,no,https://www.archivosjaimeserra.com/,https://twitter.com/ja_serra,https://www.instagram.com/jaimeserra/,Spain,eur,,1585,90.06%,Global North,Europe,HIGH-INCOME ECONOMIES,,https://unavatar.io/,https://unavatar.io/,,,JaimeSerraPalou.png,0
305,Malofiej Awards,1.0,no,https://www.malofiejgraphics.com/,https://twitter.com/malofiej?lang=pt,https://www.instagram.com/malofiejgraphics/,Spain,eur,,1586,90.11%,Global North,Europe,HIGH-INCOME ECONOMIES,,https://unavatar.io/,https://unavatar.io/,,,MalofiejAwards.png,0
259,Javier Errea,1.0,no,https://www.somoserrea.es/,https://twitter.com/javiererrea66,https://www.instagram.com/javiererrea66/,Spain,eur,,1587,90.17%,Global North,Europe,HIGH-INCOME ECONOMIES,,https://unavatar.io/,https://unavatar.io/,,,JavierErrea.png,0
394,Tagwa Warrag,1.0,no,https://digitalarabia.network/success-stories/tagwa-warag,,,Sudan,af,,1588,90.23%,Global South,Africa,LOW-INCOME ECONOMIES,,https://unavatar.io/,https://unavatar.io/,,,TagwaWarrag.png,0
318,Miriah Meyer,1.0,no,https://miriah.github.io/,https://twitter.com/miriah_meyer,,Sweden,eur,,1589,90.28%,Global North,Europe,HIGH-INCOME ECONOMIES,,https://unavatar.io/,https://unavatar.io/,,,MiriahMeyer.png,0
222,Duncan Clark,1.0,no,http://duncanclark.net/,https://twitter.com/theduncanclark,,United Kingdom,eur,,1590,90.34%,Global North,Europe,HIGH-INCOME ECONOMIES,,https://unavatar.io/,https://unavatar.io/,,,DuncanClark.png,0
179,Beyond Words Studio,1.0,no,https://beyondwordsstudio.com/,https://twitter.com/beyond_wrds,https://www.instagram.com/beyondwordsstudio/,United Kingdom,eur,,1591,90.40%,Global North,Europe,HIGH-INCOME ECONOMIES,,https://unavatar.io/,https://unavatar.io/,,,BeyondWordsStudio.png,0
185,CJ Mayes,1.0,no,https://cj-mayes.com/,https://twitter.com/_cjmayes,,United Kingdom,eur,,1592,90.45%,Global North,Europe,HIGH-INCOME ECONOMIES,,https://unavatar.io/,https://unavatar.io/,,,CJMayes.png,0
322,Murray Dick,1.0,no,https://datajournalism.com/contributors/murray_dick,https://twitter.com/murray_dick,,United Kingdom,eur,,1593,90.51%,Global North,Europe,HIGH-INCOME ECONOMIES,,https://unavatar.io/,https://unavatar.io/,,,MurrayDick.png,0
423,William Playfair,1.0,no,https://en.wikipedia.org/wiki/William_Playfair,,,United Kingdom,eur,,1594,90.57%,Global North,Europe,HIGH-INCOME ECONOMIES,,https://unavatar.io/,https://unavatar.io/,,,WilliamPlayfair.png,0
161,Alex Selby-Boothroyd,1.0,no,https://mediadirectory.economist.com/people/alex-selby-boothroyd/,https://twitter.com/alexselbyb,,United Kingdom,eur,,1595,90.63%,Global North,Europe,HIGH-INCOME ECONOMIES,,https://unavatar.io/,https://unavatar.io/,,,AlexSelby-Boothroyd.png,0
308,Marie Segger,1.0,no,https://mediadirectory.economist.com/people/marie-segger/,https://twitter.com/mariesegger,,United Kingdom,eur,,1596,90.68%,Global North,Europe,HIGH-INCOME ECONOMIES,,https://unavatar.io/,https://unavatar.io/,,,MarieSegger.png,0
300,Lorna Brown,1.0,no,https://missdataviz.wordpress.com/,https://twitter.com/_lorna_brown,,United Kingdom,eur,,1597,90.74%,Global North,Europe,HIGH-INCOME ECONOMIES,,https://unavatar.io/,https://unavatar.io/,,,LornaBrown.png,0
338,Olivia Vane,1.0,no,https://oliviavane.co.uk/,https://twitter.com/oliviafvane,,United Kingdom,eur,,1598,90.80%,Global North,Europe,HIGH-INCOME ECONOMIES,oliviafvane,https://unavatar.io/,https://unavatar.io/oliviafvane,,,OliviaVane.png,0
340,Our World In Data,1.0,no,https://ourworldindata.org/,https://twitter.com/OurWorldInData,,United Kingdom,eur,,1599,90.85%,Global North,Europe,HIGH-INCOME ECONOMIES,,https://unavatar.io/,https://unavatar.io/,,,OurWorldInData.png,0
270,Jonni Walker,1.0,no,https://public.tableau.com/app/profile/jonni.walker,https://twitter.com/jonni_walker,,United Kingdom,eur,,1600,90.91%,Global North,Europe,HIGH-INCOME ECONOMIES,,https://unavatar.io/,https://unavatar.io/,,,JonniWalker.png,0
331,Nicholas Lowthorpe,1.0,no,https://www.linkedin.com/in/nicholaslowthorpe/?originalSubdomain=uk,,,United Kingdom,eur,,1601,90.97%,Global North,Europe,HIGH-INCOME ECONOMIES,,https://unavatar.io/,https://unavatar.io/,,,NicholasLowthorpe.png,0
310,Market Cafe Magazine,1.0,no,https://www.marketcafemag.com/,https://twitter.com/marketcafemag,https://www.instagram.com/marketcafemag/,United Kingdom,eur,,1602,91.02%,Global North,Europe,HIGH-INCOME ECONOMIES,,https://unavatar.io/,https://unavatar.io/,,,MarketCafeMagazine.png,0
411,UK's Office for National Statistics,1.0,no,https://www.ons.gov.uk/,https://twitter.com/ons,,United Kingdom,eur,,1603,91.08%,Global North,Europe,HIGH-INCOME ECONOMIES,ons,https://unavatar.io/,https://unavatar.io/ons,,,UKsOfficeforNationalStatistics.png,0
392,Tableau Tim,1.0,no,https://www.tableautim.com/,https://twitter.com/tableautim,,United Kingdom,eur,,1604,91.14%,Global North,Europe,HIGH-INCOME ECONOMIES,tableautim,https://unavatar.io/,https://unavatar.io/tableautim,,,TableauTim.png,0
386,Simon Beaumont,1.0,no,https://www.vizionaryblog.co.uk/,https://twitter.com/simonbeaumont04,,United Kingdom,eur,,1605,91.19%,Global North,Europe,HIGH-INCOME ECONOMIES,simonbeaumont04,https://unavatar.io/,https://unavatar.io/simonbeaumont04,,,SimonBeaumont.png,0
369,Rosamund Pearce,1.0,no,,https://twitter.com/_rospearce,,United Kingdom,eur,,1606,91.25%,Global North,Europe,HIGH-INCOME ECONOMIES,_rospearce,https://unavatar.io/,https://unavatar.io/_rospearce,,,RosamundPearce.png,0
182,Brian T. Jacobs,1.0,no,http://btjak.es/,https://twitter.com/btjakes,,United States of America,na,,1607,91.31%,,Northern America,,,https://unavatar.io/,https://unavatar.io/,,,BrianTJacobs.png,0
269,Jonathan Drummey,1.0,no,http://drawingwithnumbers.artisart.org/,https://twitter.com/jonathandrummey,,United States of America,na,,1608,91.36%,,Northern America,,,https://unavatar.io/,https://unavatar.io/,,,JonathanDrummey.png,0
151,Adam E. McCann,1.0,no,http://duelingdata.blogspot.com/,https://twitter.com/adamemccann,,United States of America,na,,1609,91.42%,,Northern America,,,https://unavatar.io/,https://unavatar.io/,,,AdamEMcCann.png,0
225,Enrico Bertini,1.0,no,http://enrico.bertini.io/,https://twitter.com/FILWD,,United States of America,na,,1610,91.48%,,Northern America,,,https://unavatar.io/,https://unavatar.io/,,,EnricoBertini.png,0
330,Nicholas Felton,1.0,no,http://feltron.com/,https://twitter.com/feltron,https://www.instagram.com/feltron/,United States of America,na,,1611,91.53%,,Northern America,,,https://unavatar.io/,https://unavatar.io/,,,NicholasFelton.png,0
336,Nils Gehlenborg,1.0,no,http://gehlenborglab.org/,https://twitter.com/ngehlenborg,,United States of America,na,,1612,91.59%,,Northern America,,ngehlenborg,https://unavatar.io/,https://unavatar.io/ngehlenborg,,,NilsGehlenborg.png,0
243,Harry Stevens,1.0,no,http://harryjstevens.com/,https://twitter.com/harry_stevens,,United States of America,na,,1613,91.65%,,Northern America,,,https://unavatar.io/,https://unavatar.io/,,,HarryStevens.png,0
289,Kristen M. Thyng,1.0,no,http://kristenthyng.com/,https://twitter.com/thyngkm,,United States of America,na,,1614,91.70%,,Northern America,,,https://unavatar.io/,https://unavatar.io/,,,KristenMThyng.png,0
309,Mark C. Marino,1.0,no,http://markcmarino.com/wordpress/,https://twitter.com/markcmarino,,United States of America,na,,1615,91.76%,,Northern America,,,https://unavatar.io/,https://unavatar.io/,,,MarkCMarino.png,0
361,Renée Stevens,1.0,no,http://reneestevens.design/,https://twitter.com/renee_c_stevens,https://www.instagram.com/renee_stevens/,United States of America,na,,1616,91.82%,,Northern America,,renee_c_stevens,https://unavatar.io/,https://unavatar.io/renee_c_stevens,,,ReneeStevens.png,0
221,Doug Schepers,1.0,no,http://schepers.cc/,https://twitter.com/shepazu,,United States of America,na,,1617,91.88%,,Northern America,,,https://unavatar.io/,https://unavatar.io/,,,DougSchepers.png,0
292,Lace Padilla,1.0,no,http://space.ucmerced.edu/,https://twitter.com/lacepadilla,https://www.instagram.com/lacepadilla/,United States of America,na,,1618,91.93%,,Northern America,,,https://unavatar.io/,https://unavatar.io/,,,LacePadilla.png,0
311,Martin Wattenberg,1.0,no,http://www.bewitched.com/,https://twitter.com/wattenberg,,United States of America,na,,1619,91.99%,,Northern America,,,https://unavatar.io/,https://unavatar.io/,,,MartinWattenberg.png,0
188,Carl Churchill,1.0,no,http://www.churchillgeo.com/,https://twitter.com/cchurchili,,United States of America,na,,1620,92.05%,,Northern America,,,https://unavatar.io/,https://unavatar.io/,,,CarlChurchill.png,0
295,Lazaro Gamio,1.0,no,http://www.lazarogamio.com/,https://twitter.com/lazarogamio,,United States of America,na,,1621,92.10%,,Northern America,,,https://unavatar.io/,https://unavatar.io/,,,LazaroGamio.png,0
235,Gavin Fay,1.0,no,http://www.smast.umassd.edu/lab_fay/,https://twitter.com/gavin_fay,,United States of America,na,,1622,92.16%,,Northern America,,,https://unavatar.io/,https://unavatar.io/,,,GavinFay.png,0
403,Tim Meko,1.0,no,http://www.timmeko.com/,https://twitter.com/timmeko,,United States of America,na,,1623,92.22%,,Northern America,,timmeko,https://unavatar.io/,https://unavatar.io/timmeko,,,TimMeko.png,0
226,Eric Rodenbeck,1.0,no,https://about.me/ericrodenbeck,https://twitter.com/ericrodenbeck,https://www.instagram.com/ericrodenbeck/,United States of America,na,,1624,92.27%,,Northern America,,,https://unavatar.io/,https://unavatar.io/,,,EricRodenbeck.png,0
150,Aaron Williams,1.0,no,https://acwx.net,https://twitter.com/aboutaaron,https://www.instagram.com/aboutaaron/,United States of America,na,,1625,92.33%,,Northern America,,,https://unavatar.io/,https://unavatar.io/,,,AaronWilliams.png,0
172,Andrew Mollica,1.0,no,https://andrewmollica.com/,https://twitter.com/armollica,,United States of America,na,,1626,92.39%,,Northern America,,,https://unavatar.io/,https://unavatar.io/,,,AndrewMollica.png,0
231,Fernando Baptista,1.0,no,https://br.pinterest.com/natgeo/nat-geo-infographics/,https://twitter.com/fg_baptista,,United States of America,na,,1627,92.44%,,Northern America,,,https://unavatar.io/,https://unavatar.io/,,,FernandoBaptista.png,0
189,Carlos Scheidegger,1.0,no,https://cscheid.net/,https://twitter.com/scheidegger,https://www.instagram.com/cscheid/,United States of America,na,,1628,92.50%,,Northern America,,,https://unavatar.io/,https://unavatar.io/,,,CarlosScheidegger.png,0
281,Kate Strachnyi,1.0,no,https://datacated.com/kate-strachnyi/,https://twitter.com/datacated_,https://www.instagram.com/storybydata/,United States of America,na,,1629,92.56%,,Northern America,,,https://unavatar.io/,https://unavatar.io/,,,KateStrachnyi.png,0
239,Halıcıoğlu Data Science Institute,1.0,no,https://datascience.ucsd.edu/,https://twitter.com/HDSIUCSD,https://www.instagram.com/HDSIUCSD/,United States of America,na,,1630,92.61%,,Northern America,,,https://unavatar.io/,https://unavatar.io/,,,HalcogluDataScienceInstitute.png,0
427,Zak Geis,1.0,no,https://datatheories.com/,https://twitter.com/zaksviz,,United States of America,na,,1631,92.67%,,Northern America,,zaksviz,https://unavatar.io/,https://unavatar.io/zaksviz,,,ZakGeis.png,0
356,Rahul Bhargava,1.0,no,https://datatherapy.org/,https://twitter.com/rahulbot,,United States of America,na,,1632,92.73%,,Northern America,,rahulbot,https://unavatar.io/,https://unavatar.io/rahulbot,,,RahulBhargava.png,0
211,Dataviz Today,1.0,no,https://dataviztoday.com/,,,United States of America,na,,1633,92.78%,,Northern America,,,https://unavatar.io/,https://unavatar.io/,,,DatavizToday.png,0
216,Depict Data Studio,1.0,no,https://depictdatastudio.com/,https://twitter.com/AnnKEmery,https://www.instagram.com/depictdatastudio/,United States of America,na,,1634,92.84%,,Northern America,,,https://unavatar.io/,https://unavatar.io/,,,DepictDataStudio.png,0
217,Desirée De Leon,1.0,no,https://desiree.rbind.io/,https://twitter.com/dcossyle,https://www.instagram.com/dcossyle/,United States of America,na,,1635,92.90%,,Northern America,,,https://unavatar.io/,https://unavatar.io/,,,DesireeDeLeon.png,0
214,David Keyes,1.0,no,https://dgkeyes.com/,https://twitter.com/dgkeyes/,,United States of America,na,,1636,92.95%,,Northern America,,,https://unavatar.io/,https://unavatar.io/,,,DavidKeyes.png,0
224,Eleanor Lutz,1.0,no,https://eleanorlutz.com/,,,United States of America,na,,1637,93.01%,,Northern America,,,https://unavatar.io/,https://unavatar.io/,,,EleanorLutz.png,0
247,Howard Wainer,1.0,no,https://en.wikipedia.org/wiki/Howard_Wainer,,,United States of America,na,,1638,93.07%,,Northern America,,,https://unavatar.io/,https://unavatar.io/,,,HowardWainer.png,0
297,Leland Wilkinson,1.0,no,https://en.wikipedia.org/wiki/Leland_Wilkinson,,,United States of America,na,,1639,93.13%,,Northern America,,,https://unavatar.io/,https://unavatar.io/,,,LelandWilkinson.png,0
312,Mary Eleanor Spear,1.0,no,https://en.wikipedia.org/wiki/Mary_Eleanor_Spear,,,United States of America,na,,1640,93.18%,,Northern America,,,https://unavatar.io/,https://unavatar.io/,,,MaryEleanorSpear.png,0
415,Vance Kirkland,1.0,no,https://en.wikipedia.org/wiki/Vance_Kirkland,,,United States of America,na,,1641,93.24%,,Northern America,,,https://unavatar.io/,https://unavatar.io/,,,VanceKirkland.png,0
227,Erin Datavis,1.0,no,https://erdavis.com/,https://twitter.com/erindataviz,https://www.instagram.com/erindataviz/,United States of America,na,,1642,93.30%,,Northern America,,,https://unavatar.io/,https://unavatar.io/,,,ErinDatavis.png,0
155,Aiga Eye on Design,1.0,no,https://eyeondesign.aiga.org/,https://twitter.com/AIGAeyeondesign,https://www.instagram.com/aigaeyeondesign/,United States of America,na,,1643,93.35%,,Northern America,,,https://unavatar.io/,https://unavatar.io/,,,AigaEyeonDesign.png,0
236,Geoff Boeing,1.0,no,https://geoffboeing.com/,https://twitter.com/gboeing,https://www.instagram.com/geoffboeing/,United States of America,na,,1644,93.41%,,Northern America,,,https://unavatar.io/,https://unavatar.io/,,,GeoffBoeing.png,0
401,Thomas Caswell,1.0,no,https://github.com/tacaswell,https://twitter.com/tacaswell,,United States of America,na,,1645,93.47%,,Northern America,,tacaswell,https://unavatar.io/,https://unavatar.io/tacaswell,,,ThomasCaswell.png,0
264,Joe Natoli,1.0,no,https://givegoodux.com/,https://twitter.com/joenatoli,https://www.instagram.com/joenatoli/,United States of America,na,,1646,93.52%,,Northern America,,,https://unavatar.io/,https://unavatar.io/,,,JoeNatoli.png,0
260,Jeffrey Heer,1.0,no,https://homes.cs.washington.edu/~jheer/,https://twitter.com/jeffrey_heer,,United States of America,na,,1647,93.58%,,Northern America,,,https://unavatar.io/,https://unavatar.io/,,,JeffreyHeer.png,0
248,Ijeamaka A,1.0,no,https://ijeamaka-anyene.netlify.app/,https://twitter.com/ijeamaka_a,,United States of America,na,,1648,93.64%,,Northern America,,,https://unavatar.io/,https://unavatar.io/,,,IjeamakaA.png,0
258,Jason Pauley,1.0,no,https://jaydpauley.medium.com/,https://twitter.com/jaydpauley,,United States of America,na,,1649,93.69%,,Northern America,,,https://unavatar.io/,https://unavatar.io/,,,JasonPauley.png,0
275,Julia Stewart Lowndes,1.0,no,https://jules32.github.io/,https://twitter.com/juliesquid,,United States of America,na,,1650,93.75%,,Northern America,,,https://unavatar.io/,https://unavatar.io/,,,JuliaStewartLowndes.png,0
274,Julia Silge,1.0,no,https://juliasilge.com/,https://twitter.com/juliasilge,,United States of America,na,,1651,93.81%,,Northern America,,,https://unavatar.io/,https://unavatar.io/,,,JuliaSilge.png,0
302,Lovelytics,1.0,no,https://lovelytics.com/,https://twitter.com/LovelyticsData,,United States of America,na,,1652,93.86%,,Northern America,,,https://unavatar.io/,https://unavatar.io/,,,Lovelytics.png,0
306,Mara Averick,1.0,no,https://maraaverick.rbind.io/,https://twitter.com/dataandme,,United States of America,na,,1653,93.92%,,Northern America,,,https://unavatar.io/,https://unavatar.io/,,,MaraAverick.png,0
314,Matthew Brehmer,1.0,no,https://mattbrehmer.ca/,https://twitter.com/mattbrehmer,,United States of America,na,,1654,93.98%,,Northern America,,,https://unavatar.io/,https://unavatar.io/,,,MatthewBrehmer.png,0
317,Meg Risdal,1.0,no,https://mrisdal.github.io/blog/,https://twitter.com/meganrisdal,,United States of America,na,,1655,94.03%,,Northern America,,,https://unavatar.io/,https://unavatar.io/,,,MegRisdal.png,0
333,Nick Wan,1.0,no,https://nickwan.medium.com/hello-from-nick-wan-f0c96556c3b7#.cfw9hbuly,https://twitter.com/nickwan,,United States of America,na,,1656,94.09%,,Northern America,,nickwan,https://unavatar.io/,https://unavatar.io/nickwan,,,NickWan.png,0
285,Kennedy Elliott,1.0,no,https://oblio.co/,https://twitter.com/kennelliott,https://www.instagram.com/kennelliott/,United States of America,na,,1657,94.15%,,Northern America,,,https://unavatar.io/,https://unavatar.io/,,,KennedyElliott.png,0
192,Chris Moffitt,1.0,no,https://pbpython.com/,https://twitter.com/chris1610,,United States of America,na,,1658,94.20%,,Northern America,,,https://unavatar.io/,https://unavatar.io/,,,ChrisMoffitt.png,0
346,Policy Viz,1.0,no,https://policyviz.com/,https://twitter.com/jschwabish,https://www.instagram.com/jschwabish/?hl=en,United States of America,na,,1659,94.26%,,Northern America,,jschwabish,https://unavatar.io/,https://unavatar.io/jschwabish,,,PolicyViz.png,0
265,John Tukey,1.0,no,https://pt.wikipedia.org/wiki/John_Tukey,,,United States of America,na,,1660,94.32%,,Northern America,,,https://unavatar.io/,https://unavatar.io/,,,JohnTukey.png,0
154,Agata Ketterick,1.0,no,https://public.tableau.com/app/profile/agata1619#!/,https://twitter.com/agatavizz,,United States of America,na,,1661,94.38%,,Northern America,,,https://unavatar.io/,https://unavatar.io/,,,AgataKetterick.png,0
180,Bo McCready,1.0,no,https://public.tableau.com/app/profile/bo.mccready8742,https://twitter.com/boknowsdata,,United States of America,na,,1662,94.43%,,Northern America,,,https://unavatar.io/,https://unavatar.io/,,,BoMcCready.png,0
287,Kevin Ford,1.0,no,https://public.tableau.com/app/profile/kevin.ford#!/?newProfile=&activeTab=0,https://twitter.com/VizFord,,United States of America,na,,1663,94.49%,,Northern America,,,https://unavatar.io/,https://unavatar.io/,,,KevinFord.png,0
293,Lane Trisko,1.0,no,https://public.tableau.com/app/profile/lane.trisko#!/,,https://www.instagram.com/lanetrisko/,United States of America,na,,1664,94.55%,,Northern America,,,https://unavatar.io/,https://unavatar.io/,,,LaneTrisko.png,0
425,Xan Gregg,1.0,no,https://rawdatastudies.com/,https://twitter.com/xangregg,,United States of America,na,,1665,94.60%,,Northern America,,xangregg,https://unavatar.io/,https://unavatar.io/xangregg,,,XanGregg.png,0
152,Adam Pearce,1.0,no,https://roadtolarissa.com/,https://twitter.com/adamrpearce,,United States of America,na,,1666,94.66%,,Northern America,,,https://unavatar.io/,https://unavatar.io/,,,AdamPearce.png,0
181,Bob Rudis,1.0,no,https://rud.is/,https://twitter.com/hrbrmstr,,United States of America,na,,1667,94.72%,,Northern America,,,https://unavatar.io/,https://unavatar.io/,,,BobRudis.png,0
377,Sarah Kay Miller,1.0,no,https://sarahkaymiller.com/,https://twitter.com/thesarahkaym,https://www.instagram.com/thesarahkay/,United States of America,na,,1668,94.77%,,Northern America,,thesarahkaym,https://unavatar.io/,https://unavatar.io/thesarahkaym,,,SarahKayMiller.png,0
380,Scott Berinato,1.0,no,https://scottberinato.com/about/,https://twitter.com/scottberinato,,United States of America,na,,1669,94.83%,,Northern America,,scottberinato,https://unavatar.io/,https://unavatar.io/scottberinato,,,ScottBerinato.png,0
381,Scott McCloud,1.0,no,https://scottmccloud.com/,https://twitter.com/scottmccloud,,United States of America,na,,1670,94.89%,,Northern America,,scottmccloud,https://unavatar.io/,https://unavatar.io/scottmccloud,,,ScottMcCloud.png,0
200,Daniel Shiffman,1.0,no,https://shiffman.net/,https://twitter.com/shiffman,,United States of America,na,,1671,94.94%,,Northern America,,,https://unavatar.io/,https://unavatar.io/,,,DanielShiffman.png,0
199,Daniel P. Huffman,1.0,no,https://somethingaboutmaps.com/,https://twitter.com/pinakographos,,United States of America,na,,1672,95.00%,,Northern America,,,https://unavatar.io/,https://unavatar.io/,,,DanielPHuffman.png,0
389,Stack Overflow,1.0,no,https://stackoverflow.com/,https://twitter.com/stackoverflow,https://www.instagram.com/thestackoverflow/,United States of America,na,,1673,95.06%,,Northern America,,stackoverflow,https://unavatar.io/,https://unavatar.io/stackoverflow,,,StackOverflow.png,0
253,J. Derek Tucker,1.0,no,https://stat.illinois.edu/directory/profile/dtucker1,,,United States of America,na,,1674,95.11%,,Northern America,,,https://unavatar.io/,https://unavatar.io/,,,JDerekTucker.png,0
223,Ekene Ijeoma,1.0,no,https://studioijeoma.com/,https://twitter.com/ekeneijeoma,https://www.instagram.com/ekeneijeoma/,United States of America,na,,1675,95.17%,,Northern America,,,https://unavatar.io/,https://unavatar.io/,,,EkeneIjeoma.png,0
396,The DataFace,1.0,no,https://thedataface.com/,https://twitter.com/thedataface,https://www.instagram.com/thedataface/,United States of America,na,,1676,95.23%,,Northern America,,thedataface,https://unavatar.io/,https://unavatar.io/thedataface,,,TheDataFace.png,0
398,The Nib,1.0,no,https://thenib.com/,https://twitter.com/thenib,https://www.instagram.com/thenib/,United States of America,na,,1677,95.28%,,Northern America,,thenib,https://unavatar.io/,https://unavatar.io/thenib,,,TheNib.png,0
406,Time Magazine,1.0,no,https://time.com/,https://twitter.com/time,https://www.instagram.com/time/?hl=en,United States of America,na,,1678,95.34%,,Northern America,,time,https://unavatar.io/,https://unavatar.io/time,,,TimeMagazine.png,0
405,Tim Wallace,1.0,no,https://timwallace.net/,https://twitter.com/wallacetim,,United States of America,na,,1679,95.40%,,Northern America,,wallacetim,https://unavatar.io/,https://unavatar.io/wallacetim,,,TimWallace.png,0
240,Hana M.K.,1.0,no,https://trending-analytics.com/,https://twitter.com/hanalytx,https://www.instagram.com/hanalytx/,United States of America,na,Trending Analytics,1680,95.45%,,Northern America,,,https://unavatar.io/,https://unavatar.io/,,,HanaMK.png,0
213,David Gotz,1.0,no,https://vaclab.unc.edu/gotz/,https://twitter.com/davidgotz,,United States of America,na,,1681,95.51%,,Northern America,,,https://unavatar.io/,https://unavatar.io/,,,DavidGotz.png,0
241,Hanspeter Pfister,1.0,no,https://vcg.seas.harvard.edu/,https://twitter.com/hpfister,https://www.instagram.com/hpfister/,United States of America,na,,1682,95.57%,,Northern America,,,https://unavatar.io/,https://unavatar.io/,,,HanspeterPfister.png,0
162,Alexander Lex,1.0,no,https://vdl.sci.utah.edu/team/lex/,https://twitter.com/alexander_lex,,United States of America,na,,1683,95.63%,,Northern America,,,https://unavatar.io/,https://unavatar.io/,,,AlexanderLex.png,0
417,Visually,1.0,no,https://visual.ly/,https://twitter.com/Visually,,United States of America,na,,1684,95.68%,,Northern America,,Visually,https://unavatar.io/,https://unavatar.io/Visually,,,Visually.png,0
298,Lindsay Betzendahl,1.0,no,https://vizzendata.com/,https://twitter.com/zendolldata,https://www.instagram.com/zendolldata/,United States of America,na,,1685,95.74%,,Northern America,,,https://unavatar.io/,https://unavatar.io/,,,LindsayBetzendahl.png,0
382,Scott Murray,1.0,no,https://web.scottmurray.org/,https://twitter.com/scotthmurray,,United States of America,na,,1686,95.80%,,Northern America,,scotthmurray,https://unavatar.io/,https://unavatar.io/scotthmurray,,,ScottMurray.png,0
422,Wes McKinney,1.0,no,https://wesmckinney.com/,https://twitter.com/wesmckinn,,United States of America,na,,1687,95.85%,,Northern America,,wesmckinn,https://unavatar.io/,https://unavatar.io/wesmckinn,,,WesMcKinney.png,0
237,Grant Sanderson,1.0,no,https://www.3blue1brown.com/about,https://twitter.com/3blue1brown,https://www.instagram.com/3blue1brown_animations/,United States of America,na,,1688,95.91%,,Northern America,,,https://unavatar.io/,https://unavatar.io/,,,GrantSanderson.png,0
165,Allison Horst,1.0,no,https://www.allisonhorst.com/,https://twitter.com/allison_horst,,United States of America,na,,1689,95.97%,,Northern America,,,https://unavatar.io/,https://unavatar.io/,,,AllisonHorst.png,0
167,Amelia McNamara,1.0,no,https://www.amelia.mn/,https://twitter.com/ameliamn,,United States of America,na,,1690,96.02%,,Northern America,,,https://unavatar.io/,https://unavatar.io/,,,AmeliaMcNamara.png,0
168,American Statistical Association,1.0,no,https://www.amstat.org/,https://twitter.com/AmstatNews,,United States of America,na,,1691,96.08%,,Northern America,,,https://unavatar.io/,https://unavatar.io/,,,AmericanStatisticalAssociation.png,0
171,Andrew Heiss,1.0,no,https://www.andrewheiss.com/,https://twitter.com/andrewheiss,https://www.instagram.com/andrewheiss/,United States of America,na,,1692,96.14%,,Northern America,,,https://unavatar.io/,https://unavatar.io/,,,AndrewHeiss.png,0
183,Bridget Cogley,1.0,no,https://www.architecturalrecord.com/authors/1399-bridget-cogley,https://twitter.com/bridgetcogley,https://www.instagram.com/reframe_mag/,United States of America,na,,1693,96.19%,,Northern America,,,https://unavatar.io/,https://unavatar.io/,,,BridgetCogley.png,0
175,Ari Melenciano,1.0,no,https://www.ariciano.com/,https://twitter.com/aricianoo/,https://www.instagram.com/ariciano/,United States of America,na,,1694,96.25%,,Northern America,,,https://unavatar.io/,https://unavatar.io/,,,AriMelenciano.png,0
178,Bachelor Data,1.0,no,https://www.bachelornationdata.com/,https://twitter.com/bachelordata,https://www.instagram.com/bachelordata/,United States of America,na,,1695,96.31%,,Northern America,,,https://unavatar.io/,https://unavatar.io/,,,BachelorData.png,0
195,Column Five,1.0,no,https://www.columnfivemedia.com/,https://twitter.com/columnfive,https://www.instagram.com/columnfive/,United States of America,na,,1696,96.36%,,Northern America,,,https://unavatar.io/,https://unavatar.io/,,,ColumnFive.png,0
197,Connor Rothschild,1.0,no,https://www.connorrothschild.com/,https://twitter.com/cl_rothschild,https://www.instagram.com/connorrothschild/,United States of America,na,,1697,96.42%,,Northern America,,,https://unavatar.io/,https://unavatar.io/,,,ConnorRothschild.png,0
202,Data Is Plural,1.0,no,https://www.data-is-plural.com/,,,United States of America,na,,1698,96.48%,,Northern America,,,https://unavatar.io/,https://unavatar.io/,,,DataIsPlural.png,0
174,Anya A’Hern,1.0,no,https://www.datablick.com/,https://twitter.com/anyaahearn,,United States of America,na,,1699,96.53%,,Northern America,,,https://unavatar.io/,https://unavatar.io/,,,AnyaAHern.png,0
215,Denise Lu,1.0,no,https://www.deniselu.com/,https://twitter.com/denisedslu,,United States of America,na,,1700,96.59%,,Northern America,,,https://unavatar.io/,https://unavatar.io/,,,DeniseLu.png,0
220,Dominik Moritz,1.0,no,https://www.domoritz.de/,https://twitter.com/domoritz,,United States of America,na,,1701,96.65%,,Northern America,,,https://unavatar.io/,https://unavatar.io/,,,DominikMoritz.png,0
244,Havens Consulting,1.0,no,https://www.havensconsulting.net/,https://twitter.com/HavensBI,,United States of America,na,,1702,96.70%,,Northern America,,,https://unavatar.io/,https://unavatar.io/,,,HavensConsulting.png,0
391,Steven Weber,1.0,no,https://www.ischool.berkeley.edu/people/steven-weber,,,United States of America,na,,1703,96.76%,,Northern America,,,https://unavatar.io/,https://unavatar.io/,,,StevenWeber.png,0
261,Jen Christiansen,1.0,no,https://www.jenchristiansen.com/,https://twitter.com/christiansenjen,,United States of America,na,,1704,96.82%,,Northern America,,,https://unavatar.io/,https://unavatar.io/,,,JenChristiansen.png,0
272,Joshua Stevens,1.0,no,https://www.joshuastevens.net/,https://twitter.com/jscarto,,United States of America,na,,1705,96.88%,,Northern America,,,https://unavatar.io/,https://unavatar.io/,,,JoshuaStevens.png,0
301,Los Angeles Times,1.0,no,https://www.latimes.com/,https://twitter.com/latimes,https://www.instagram.com/latimes/,United States of America,na,,1706,96.93%,,Northern America,,,https://unavatar.io/,https://unavatar.io/,,,LosAngelesTimes.png,0
294,Laurie Frick,1.0,no,https://www.lauriefrick.com/,https://twitter.com/lauriejoyfrick,https://www.instagram.com/lauriefrick/,United States of America,na,,1707,96.99%,,Northern America,,,https://unavatar.io/,https://unavatar.io/,,,LaurieFrick.png,0
173,Andy Shaffer,1.0,no,https://www.linkedin.com/in/aeshaf/,,,United States of America,na,,1708,97.05%,,Northern America,,,https://unavatar.io/,https://unavatar.io/,,,AndyShaffer.png,0
328,Neil Kanungo,1.0,no,https://www.linkedin.com/in/neilkanungo/,https://twitter.com/kanungle,https://www.instagram.com/kanungle/,United States of America,na,,1709,97.10%,,Northern America,,,https://unavatar.io/,https://unavatar.io/,,,NeilKanungo.png,0
375,Sandra Fish,1.0,no,https://www.linkedin.com/in/sandrafish/,https://twitter.com/fishnette,,United States of America,na,,1710,97.16%,,Northern America,,fishnette,https://unavatar.io/,https://unavatar.io/fishnette,,,SandraFish.png,0
299,Liz and Mollie,1.0,no,https://www.lizandmollie.com/,https://twitter.com/lizandmollie,https://www.instagram.com/lizandmollie/,United States of America,na,,1711,97.22%,,Northern America,,,https://unavatar.io/,https://unavatar.io/,,,LizandMollie.png,0
158,Alberto Lucas López,1.0,no,https://www.lucasinfografia.com/,https://twitter.com/alucaslopez,https://www.instagram.com/lulo_al/,United States of America,na,,1712,97.27%,,Northern America,,,https://unavatar.io/,https://unavatar.io/,,,AlbertoLucasLopez.png,0
316,Maven Analytics,1.0,no,https://www.mavenanalytics.io/,,https://www.instagram.com/mavenanalytics/,United States of America,na,,1713,97.33%,,Northern America,,,https://unavatar.io/,https://unavatar.io/,,,MavenAnalytics.png,0
383,Scott Taylor,1.0,no,https://www.metametaconsulting.com/,https://twitter.com/stdatawhisperer,https://www.instagram.com/stdatawhisperer/,United States of America,na,,1714,97.39%,,Northern America,,stdatawhisperer,https://unavatar.io/,https://unavatar.io/stdatawhisperer,,,ScottTaylor.png,0
304,Major League Baseball,1.0,no,https://www.mlb.com/,https://twitter.com/MLB,https://www.instagram.com/mlb/,United States of America,na,,1715,97.44%,,Northern America,,,https://unavatar.io/,https://unavatar.io/,,,MajorLeagueBaseball.png,0
324,Nancy Organ,1.0,no,https://www.nancyorgan.com/,,,United States of America,na,,1716,97.50%,,Northern America,,,https://unavatar.io/,https://unavatar.io/,,,NancyOrgan.png,0
323,NASA,1.0,no,https://www.nasa.gov/,https://twitter.com/NASA,https://www.instagram.com/nasa/,United States of America,na,,1717,97.56%,,Northern America,,,https://unavatar.io/,https://unavatar.io/,,,NASA.png,0
325,Naomi B. Robbins,1.0,no,https://www.nbr-graphs.com/,https://twitter.com/nbrgraphs,,United States of America,na,,1718,97.61%,,Northern America,,,https://unavatar.io/,https://unavatar.io/,,,NaomiBRobbins.png,0
315,Matthew Daniels,1.0,no,https://www.notion.so/M-Daniels-1697763234d54ea7a46201064ff43914,https://twitter.com/matthew_daniels,,United States of America,na,,1719,97.67%,,Northern America,,,https://unavatar.io/,https://unavatar.io/,,,MatthewDaniels.png,0
326,National Public Radio,1.0,no,https://www.npr.org/,https://twitter.com/NPR,https://www.instagram.com/npr/,United States of America,na,,1720,97.73%,,Northern America,,,https://unavatar.io/,https://unavatar.io/,,,NationalPublicRadio.png,0
201,Danielle Ivory,1.0,no,https://www.nytimes.com/by/danielle-ivory,https://twitter.com/danielle_ivory,,United States of America,na,,1721,97.78%,,Northern America,,,https://unavatar.io/,https://unavatar.io/,,,DanielleIvory.png,0
342,Owen Phillips,1.0,no,https://www.owenlhjphillips.com/,https://twitter.com/owenlhjphillips,https://www.instagram.com/owenlhjphillips/,United States of America,na,,1722,97.84%,,Northern America,,owenlhjphillips,https://unavatar.io/,https://unavatar.io/owenlhjphillips,,,OwenPhillips.png,0
327,Neil Halloran,1.0,no,https://www.patreon.com/neilhalloran,https://twitter.com/neilhalloran,,United States of America,na,,1723,97.90%,,Northern America,,,https://unavatar.io/,https://unavatar.io/,,,NeilHalloran.png,0
349,ProPublica,1.0,no,https://www.propublica.org/,https://twitter.com/propublica,,United States of America,na,,1724,97.95%,,Northern America,,propublica,https://unavatar.io/,https://unavatar.io/propublica,,,ProPublica.png,0
351,Quanta Magazine,1.0,no,https://www.quantamagazine.org/,https://twitter.com/QuantaMagazine,https://www.instagram.com/quantamag/,United States of America,na,,1725,98.01%,,Northern America,,QuantaMagazine,https://unavatar.io/,https://unavatar.io/QuantaMagazine,,,QuantaMagazine.png,0
262,Jennifer Rash,1.0,no,https://www.rashdesign.com/,https://twitter.com/rashdesign,https://www.instagram.com/rashdesignstudio/,United States of America,na,,1726,98.07%,,Northern America,,,https://unavatar.io/,https://unavatar.io/,,,JenniferRash.png,0
418,Warren Sharp,1.0,no,https://www.sharpfootballanalysis.com/,https://twitter.com/sharpfootball,,United States of America,na,,1727,98.13%,,Northern America,,sharpfootball,https://unavatar.io/,https://unavatar.io/sharpfootball,,,WarrenSharp.png,0
388,Special Libraries Association,1.0,no,https://www.sla.org/,https://twitter.com/slahq,,United States of America,na,,1728,98.18%,,Northern America,,slahq,https://unavatar.io/,https://unavatar.io/slahq,,,SpecialLibrariesAssociation.png,0
390,Star Tribune,1.0,no,https://www.startribune.com/,https://twitter.com/StarTribune/,https://www.instagram.com/startribune/,United States of America,na,,1729,98.24%,,Northern America,,StarTribune,https://unavatar.io/,https://unavatar.io/StarTribune,,,StarTribune.png,0
186,CJ Sinner,1.0,no,https://www.startribune.com/c-j-sinner/6370420/,https://twitter.com/cjsinner,https://www.instagram.com/cjsinner/,United States of America,na,,1730,98.30%,,Northern America,,,https://unavatar.io/,https://unavatar.io/,,,CJSinner.png,0
251,IronViz,1.0,no,https://www.tableau.com/community/iron-viz,https://twitter.com/tableau,https://www.instagram.com/tableausoftware/,United States of America,na,,1731,98.35%,,Northern America,,,https://unavatar.io/,https://unavatar.io/,,,IronViz.png,0
303,Luke Stanke,1.0,no,https://www.tessellationtech.io/,https://twitter.com/lukestanke,,United States of America,na,,1732,98.41%,,Northern America,,,https://unavatar.io/,https://unavatar.io/,,,LukeStanke.png,0
409,Tricia Wong,1.0,no,https://www.triciawang.com/,https://twitter.com/triciawang,,United States of America,na,,1733,98.47%,,Northern America,,,https://unavatar.io/,https://unavatar.io/,,,TriciaWong.png,0
410,Tyler Morgan-Wall,1.0,no,https://www.tylermw.com/,https://twitter.com/tylermorganwall,,United States of America,na,,1734,98.52%,,Northern America,,tylermorganwall,https://unavatar.io/,https://unavatar.io/tylermorganwall,,,TylerMorgan-Wall.png,0
399,The Unbiased Science Podcast,1.0,no,https://www.unbiasedscipod.com/,https://twitter.com/unbiasedscipod,https://www.instagram.com/unbiasedscipod/,United States of America,na,,1735,98.58%,,Northern America,,unbiasedscipod,https://unavatar.io/,https://unavatar.io/unbiasedscipod,,,TheUnbiasedSciencePodcast.png,0
412,United Way of Greater Houston,1.0,no,https://www.unitedwayhouston.org/,https://twitter.com/HouUnitedWay,https://www.instagram.com/unitedwayhouston/,United States of America,na,,1736,98.64%,,Northern America,,HouUnitedWay,https://unavatar.io/,https://unavatar.io/HouUnitedWay,,,UnitedWayofGreaterHouston.png,0
414,Urban Institute,1.0,no,https://www.urban.org/data-viz,https://twitter.com/urbaninstitute,,United States of America,na,,1737,98.69%,,Northern America,,urbaninstitute,https://unavatar.io/,https://unavatar.io/urbaninstitute,,,UrbanInstitute.png,0
366,Robert Crocker,1.0,no,https://www.vizsimply.com/,https://twitter.com/robcrock,,United States of America,na,,1738,98.75%,,Northern America,,robcrock,https://unavatar.io/,https://unavatar.io/robcrock,,,RobertCrocker.png,0
413,University Of Washington,1.0,no,https://www.washington.edu/,https://twitter.com/UW,https://www.instagram.com/uofwa/,United States of America,na,,1739,98.81%,,Northern America,,UW,https://unavatar.io/,https://unavatar.io/UW,,,UniversityOfWashington.png,0
280,Kara Dapena,1.0,no,https://www.wsj.com/news/author/kara-dapena,https://twitter.com/karadapena,,United States of America,na,,1740,98.86%,,Northern America,,,https://unavatar.io/,https://unavatar.io/,,,KaraDapena.png,0
428,Zan Armstrong,1.0,no,https://www.zanarmstrong.com/,https://twitter.com/zanstrong,,United States of America,na,,1741,98.92%,,Northern America,,zanstrong,https://unavatar.io/,https://unavatar.io/zanstrong,,,ZanArmstrong.png,0
358,Randall Munroe,1.0,no,https://xkcd.com/,https://twitter.com/xkcd/,https://www.instagram.com/xkcd/,United States of America,na,,1742,98.98%,,Northern America,,xkcd,https://unavatar.io/,https://unavatar.io/xkcd,,,RandallMunroe.png,0
407,Todd Whitehead,1.0,no,,https://twitter.com/crumpledjumper,,United States of America,na,,1743,99.03%,,Northern America,,crumpledjumper,https://unavatar.io/,https://unavatar.io/crumpledjumper,,,ToddWhitehead.png,0
194,Colin Ware,1.0,no,https://en.wikipedia.org/wiki/Colin_Ware,,,United States of America,na,,1744,99.09%,,Northern America,,,https://unavatar.io/,https://unavatar.io/,,,ColinWare.png,0
159,Alex Freberg,1.0,no,https://alextheanalyst.github.io/,,https://www.instagram.com/alex_the_analyst/,United States of America,na,,1745,99.15%,,Northern America,,,https://unavatar.io/,https://unavatar.io/,,,AlexFreberg.png,0
350,PyVis,1.0,no,https://pyvis.readthedocs.io/en/latest/#,,,United States of America,na,,1746,99.20%,,Northern America,,,https://unavatar.io/,https://unavatar.io/,,,PyVis.png,0
367,Robert Simmon,1.0,no,https://earthobservatory.nasa.gov/blogs/elegantfigures/,https://twitter.com/rsimmon,,United States of America,na,,1747,99.26%,,Northern America,,rsimmon,https://unavatar.io/,https://unavatar.io/rsimmon,,,RobertSimmon.png,0
156,Alan Baddeley,1.0,no,,,,,,,1748,99.32%,,,,,https://unavatar.io/,https://unavatar.io/,,,AlanBaddeley.png,0
166,Alvaro Galocha,1.0,no,,,,,,,1749,99.38%,,,,,https://unavatar.io/,https://unavatar.io/,,,AlvaroGalocha.png,0
206,DataIsBeautiful,1.0,no,,,,,,,1750,99.43%,,,,,https://unavatar.io/,https://unavatar.io/,,,DataIsBeautiful.png,0
263,Jerome Francis Janssens,1.0,no,,,,,,,1751,99.49%,,,,,https://unavatar.io/,https://unavatar.io/,,,JeromeFrancisJanssens.png,0
254,JLL,1.0,no,,,,,,,1752,99.55%,,,,,https://unavatar.io/,https://unavatar.io/,,,JLL.png,0
291,LARS,1.0,no,,,,,,,1753,99.60%,,,,,https://unavatar.io/,https://unavatar.io/,,,LARS.png,0
296,Leila Guarani,1.0,no,,,,,,,1754,99.66%,,,,,https://unavatar.io/,https://unavatar.io/,,,LeilaGuarani.png,0
365,Robbins,1.0,no,,,,,,,1755,99.72%,,,,,https://unavatar.io/,https://unavatar.io/,,,Robbins.png,0
370,Rstats Community,1.0,no,,,,,,,1756,99.77%,,,,,https://unavatar.io/,https://unavatar.io/,,,RstatsCommunity.png,0
355,RStudio Community,1.0,no,,,,,,,1757,99.83%,,,,,https://unavatar.io/,https://unavatar.io/,,,RStudioCommunity.png,0
395,The Data,1.0,no,,,,,,,1758,99.89%,,,,,https://unavatar.io/,https://unavatar.io/,,,TheData.png,0
397,The Natural World,1.0,no,,,,,,,1759,99.94%,,,,,https://unavatar.io/,https://unavatar.io/,,,TheNaturalWorld.png,0
402,Till Nigel,1.0,no,,,,,,,1760,100.00%,,,,,https://unavatar.io/,https://unavatar.io/,,,TillNigel.png,0
267,Jon Schwabish,0.0,no,,,,,,,1760,100.00%,,,,,https://unavatar.io/,https://unavatar.io/,,,JonSchwabish.png,0
335,Nightingale,0.0,no,,,,,,,1760,100.00%,,,,,https://unavatar.io/,https://unavatar.io/,,,Nightingale.png,
